INCIDENT_ID,INCIDENT_TYPE_E,INCIDENT_TYPE_F,RECEIPT_DT,SOURCE_OF_RECALL_E,SOURCE_OF_RECALL_F,HAZARD_SEVERITY_CODE_E,HAZARD_SEVERITY_CODE_F,INC_AWARE_DT,MANDATORY_RPT,INCIDENT_DT,TRADE_NAME,PREF_NAME_CODE,RISK_CLASSIFICATION,USAGE_CODE_TERM_E,COMPANY_NAME,ROLE_E
1113831,Mandatory problem report,Déclaration d'incident obligatoire,2024-09-09,Canada,Canada,POTENTIAL FOR DEATH/INJURY,POTENTIEL DE MORT / DE BLESSURES,2020-07-01,30.0,,SPACE INFUSION SYSTEM - INFUSOMAT SPACE VOLUMETRIC INFUSION PUMP,80FRN,3,GENERAL HOSPITAL,HOSPITAL / HÔPITAL; B. BRAUN MELSUNGEN AG; B. BRAUN US DEVICE MANUFACTURING LLC.,(HOSPITAL); (MANUFACTURER); (IMPORTER)
1114913,Mandatory problem report,Déclaration d'incident obligatoire,2024-09-16,Canada,Canada,POTENTIAL FOR DEATH/INJURY,POTENTIEL DE MORT / DE BLESSURES,2024-08-22,30.0,2024-08-21,UNKNOWN B BRAUN INFUSION PUMP,80FRN,0,UNDEFINED,HOSPITAL / HÔPITAL; B. BRAUN MEDICAL INC.,(HOSPITAL); (MANUFACTURER)
1117246,Mandatory problem report,Déclaration d'incident obligatoire,2024-10-01,Canada,Canada,POTENTIAL FOR DEATH/INJURY,POTENTIEL DE MORT / DE BLESSURES,2024-09-01,30.0,2024-09-01,SPACE INFUSION SYSTEM - INFUSOMAT SPACE VOLUMETRIC INFUSION PUMP; INFUSOMAT SPACE PUMP Y-TYPE BLOOD IV SET WITH ANTI-SIPHON VALVE,80FRN; 80FPA,3; 2,GENERAL HOSPITAL,UNASSIGNED / NON ATTRIBUE; HOSPITAL / HÔPITAL,(MANUFACTURER); (HOSPITAL)
1119381,Mandatory problem report,Déclaration d'incident obligatoire,2024-10-15,Canada,Canada,POTENTIAL FOR DEATH/INJURY,POTENTIEL DE MORT / DE BLESSURES,2024-09-19,30.0,2024-09-19,UNKNOWN B BRAUN INFUSION PUMP,80FRN,0,UNDEFINED,HOSPITAL / HÔPITAL; B. BRAUN MEDICAL INC.,(HOSPITAL); (MANUFACTURER)
1119420,Mandatory problem report,Déclaration d'incident obligatoire,2024-10-15,Canada,Canada,POTENTIAL FOR DEATH/INJURY,POTENTIEL DE MORT / DE BLESSURES,2024-09-20,30.0,2024-09-19,SPACE INFUSION SYSTEM - INFUSOMAT SPACE VOLUMETRIC INFUSION PUMP; UNKNOWN B BRAUN IV TUBING,80FRN; 80FPA,3; 0,GENERAL HOSPITAL; UNDEFINED,UNASSIGNED / NON ATTRIBUE; HOSPITAL / HÔPITAL,(MANUFACTURER); (HOSPITAL)
1119757,Mandatory problem report,Déclaration d'incident obligatoire,2024-10-15,Canada,Canada,POTENTIAL FOR DEATH/INJURY,POTENTIEL DE MORT / DE BLESSURES,2024-09-23,30.0,2024-09-06,UNKNOWN B BRAUN INFUSION PUMP,80FRN,0,UNDEFINED,HOSPITAL / HÔPITAL,(HOSPITAL)
1120632,Mandatory problem report,Déclaration d'incident obligatoire,2024-10-24,Canada,Canada,POTENTIAL FOR DEATH/INJURY,POTENTIEL DE MORT / DE BLESSURES,2024-10-24,30.0,2024-10-17,INFUSOMAT SPACE PUMP IV SET WITH ANTI-SIPHON VALVE,80FPA,2,GENERAL HOSPITAL,HOSPITAL / HÔPITAL; B. BRAUN MEDICAL INC.; CARDINAL HEALTH,(HOSPITAL); (MANUFACTURER); (IMPORTER)
1120706,Mandatory problem report,Déclaration d'incident obligatoire,2024-10-25,Canada,Canada,POTENTIAL FOR DEATH/INJURY,POTENTIEL DE MORT / DE BLESSURES,2024-10-25,30.0,2024-10-21,INFUSOMAT SPACE PUMP Y-TYPE BLOOD IV SET WITH ANTI-SIPHON VALVE,80FPA,2,GENERAL HOSPITAL,HOSPITAL / HÔPITAL; B. BRAUN MEDICAL INC.; B. BRAUN US DEVICE MANUFACTURING LLC.,(HOSPITAL); (MANUFACTURER); (IMPORTER)
1121946,Mandatory problem report,Déclaration d'incident obligatoire,2024-11-01,Canada,Canada,POTENTIAL FOR DEATH/INJURY,POTENTIEL DE MORT / DE BLESSURES,2024-10-11,30.0,2024-10-10,INFUSOMAT SPACE PUMP IV SET WITH ANTI-SIPHON VALVE,80FPA,2,GENERAL HOSPITAL,HOSPITAL / HÔPITAL; B. BRAUN MEDICAL INC.,(HOSPITAL); (MANUFACTURER)
1121959,Mandatory problem report,Déclaration d'incident obligatoire,2024-11-01,Canada,Canada,POTENTIAL FOR DEATH/INJURY,POTENTIEL DE MORT / DE BLESSURES,2024-10-11,30.0,2024-09-19,INFUSOMAT SPACE PUMP IV SET WITH ANTI-SIPHON VALVE,80FPA,2,GENERAL HOSPITAL,HOSPITAL / HÔPITAL; B. BRAUN MEDICAL INC.,(HOSPITAL); (MANUFACTURER)
1121966,Mandatory problem report,Déclaration d'incident obligatoire,2024-11-01,Canada,Canada,POTENTIAL FOR DEATH/INJURY,POTENTIEL DE MORT / DE BLESSURES,2024-10-11,30.0,2024-09-13,INFUSOMAT SPACE PUMP IV SET WITH ANTI-SIPHON VALVE,80FPA,2,GENERAL HOSPITAL,HOSPITAL / HÔPITAL; B. BRAUN MEDICAL INC.,(HOSPITAL); (MANUFACTURER)
1121989,Mandatory problem report,Déclaration d'incident obligatoire,2024-11-01,Canada,Canada,POTENTIAL FOR DEATH/INJURY,POTENTIEL DE MORT / DE BLESSURES,2024-10-09,30.0,2024-10-08,UNKNOWN B BRAUN INFUSION PUMP,80FRN,0,UNDEFINED,HOSPITAL / HÔPITAL,(HOSPITAL)
1122002,Mandatory problem report,Déclaration d'incident obligatoire,2024-11-01,Canada,Canada,POTENTIAL FOR DEATH/INJURY,POTENTIEL DE MORT / DE BLESSURES,2024-10-09,30.0,2024-10-08,UNKNOWN B BRAUN INFUSION PUMP,80FRN,0,UNDEFINED,HOSPITAL / HÔPITAL,(HOSPITAL)
1122019,Mandatory problem report,Déclaration d'incident obligatoire,2024-11-01,Canada,Canada,POTENTIAL FOR DEATH/INJURY,POTENTIEL DE MORT / DE BLESSURES,2024-10-11,30.0,2024-09-24,INFUSOMAT SPACE PUMP IV SET WITH ANTI-SIPHON VALVE,80FPA,2,GENERAL HOSPITAL,HOSPITAL / HÔPITAL; B. BRAUN MEDICAL INC.,(HOSPITAL); (MANUFACTURER)
1122272,Mandatory problem report,Déclaration d'incident obligatoire,2024-11-01,Canada,Canada,POTENTIAL FOR DEATH/INJURY,POTENTIEL DE MORT / DE BLESSURES,2024-10-11,30.0,2024-09-16,UNKNOWN B BRAUN INFUSION PUMP; UNKNOWN B BRAUN IV TUBING,80FRN; 80FPA,0,UNDEFINED,HOSPITAL / HÔPITAL,(HOSPITAL)
1122370,Mandatory problem report,Déclaration d'incident obligatoire,2024-11-01,Canada,Canada,POTENTIAL FOR DEATH/INJURY,POTENTIEL DE MORT / DE BLESSURES,2024-10-09,30.0,2024-10-09,UNKNOWN INTRAVENOUS ADMINISTRATION SETS AND ASSOCIATED DEVICES; UNKNOWN B BRAUN INFUSION PUMP,99ZZZ; 80FRN,0,UNDEFINED,HOSPITAL / HÔPITAL,(HOSPITAL)
1122461,Mandatory problem report,Déclaration d'incident obligatoire,2024-11-01,Canada,Canada,POTENTIAL FOR DEATH/INJURY,POTENTIEL DE MORT / DE BLESSURES,2024-10-09,30.0,2024-10-09,UNKNOWN B BRAUN INFUSION PUMP,80FRN,0,UNDEFINED,HOSPITAL / HÔPITAL,(HOSPITAL)
1122501,Mandatory problem report,Déclaration d'incident obligatoire,2024-11-01,Canada,Canada,POTENTIAL FOR DEATH/INJURY,POTENTIEL DE MORT / DE BLESSURES,2024-10-09,30.0,2024-10-08,UNKNOWN B BRAUN INFUSION PUMP,80FRN,0,UNDEFINED,HOSPITAL / HÔPITAL,(HOSPITAL)
1124425,Mandatory problem report,Déclaration d'incident obligatoire,2024-11-18,Canada,Canada,POTENTIAL FOR DEATH/INJURY,POTENTIEL DE MORT / DE BLESSURES,2024-10-23,30.0,2024-10-23,INFUSOMAT SPACE PUMP IV SET WITH ANTI-SIPHON VALVE,80FPA,2,GENERAL HOSPITAL,HOSPITAL / HÔPITAL; B. BRAUN MEDICAL INC.,(HOSPITAL); (MANUFACTURER)
1124471,Mandatory problem report,Déclaration d'incident obligatoire,2024-11-18,Canada,Canada,POTENTIAL FOR DEATH/INJURY,POTENTIEL DE MORT / DE BLESSURES,2024-10-17,30.0,2024-10-16,UNKNOWN B BRAUN INFUSION PUMP,80FRN,0,UNDEFINED,UNASSIGNED / NON ATTRIBUE; HOSPITAL / HÔPITAL,(MANUFACTURER); (HOSPITAL)
1124479,Mandatory problem report,Déclaration d'incident obligatoire,2024-11-18,Canada,Canada,POTENTIAL FOR DEATH/INJURY,POTENTIEL DE MORT / DE BLESSURES,2024-10-29,30.0,2024-10-29,INFUSOMAT SPACE PUMP IV SET WITH ANTI-SIPHON VALVE,80FPA,2,GENERAL HOSPITAL,HOSPITAL / HÔPITAL; B. BRAUN MEDICAL INC.,(HOSPITAL); (MANUFACTURER)
1125655,Summary mandatory reports,Résumé des déclarations obligatoires,2024-11-26,Canada,Canada,POTENTIAL FOR DEATH/INJURY,POTENTIEL DE MORT / DE BLESSURES,2024-11-26,,2024-11-20,INFUSOMAT SPACE PUMP IV SET,80FPA,2,GENERAL HOSPITAL,HOSPITAL / HÔPITAL; B. BRAUN MEDICAL INC.; B. BRAUN US DEVICE MANUFACTURING LLC.,(HOSPITAL); (MANUFACTURER); (IMPORTER)
1126233,Mandatory problem report,Déclaration d'incident obligatoire,2024-11-28,Canada,Canada,POTENTIAL FOR DEATH/INJURY,POTENTIEL DE MORT / DE BLESSURES,2024-11-07,30.0,2024-11-07,SPACE INFUSION SYSTEM - INFUSOMAT SPACE VOLUMETRIC INFUSION PUMP,80FRN,3,GENERAL HOSPITAL,HOSPITAL / HÔPITAL; B. BRAUN MELSUNGEN AG; B. BRAUN US DEVICE MANUFACTURING LLC.,(HOSPITAL); (MANUFACTURER); (IMPORTER)
1126256,Mandatory problem report,Déclaration d'incident obligatoire,2024-11-28,Canada,Canada,POTENTIAL FOR DEATH/INJURY,POTENTIEL DE MORT / DE BLESSURES,2024-11-22,30.0,2024-11-21,SPACE INFUSION SYSTEM - INFUSOMAT SPACE VOLUMETRIC INFUSION PUMP,80FRN,3,GENERAL HOSPITAL,HOSPITAL / HÔPITAL; B. BRAUN MELSUNGEN AG; B. BRAUN US DEVICE MANUFACTURING LLC.,(HOSPITAL); (MANUFACTURER); (IMPORTER)
1126378,Mandatory problem report,Déclaration d'incident obligatoire,2024-11-28,Canada,Canada,POTENTIAL FOR DEATH/INJURY,POTENTIEL DE MORT / DE BLESSURES,2024-11-13,30.0,2024-11-13,SPACE INFUSION SYSTEM - INFUSOMAT SPACE VOLUMETRIC INFUSION PUMP,80FRN,3,GENERAL HOSPITAL,HOSPITAL / HÔPITAL; B. BRAUN MELSUNGEN AG; B. BRAUN US DEVICE MANUFACTURING LLC.,(HOSPITAL); (MANUFACTURER); (IMPORTER)
1126440,Mandatory problem report,Déclaration d'incident obligatoire,2024-11-28,Canada,Canada,POTENTIAL FOR DEATH/INJURY,POTENTIEL DE MORT / DE BLESSURES,2024-11-18,30.0,2024-11-18,SPACE INFUSION SYSTEM - INFUSOMAT SPACE VOLUMETRIC INFUSION PUMP,80FRN,3,GENERAL HOSPITAL,HOSPITAL / HÔPITAL; B. BRAUN MELSUNGEN AG; B. BRAUN US DEVICE MANUFACTURING LLC.,(HOSPITAL); (MANUFACTURER); (IMPORTER)
1127142,Mandatory problem report,Déclaration d'incident obligatoire,2024-12-03,Canada,Canada,POTENTIAL FOR DEATH/INJURY,POTENTIEL DE MORT / DE BLESSURES,2024-11-06,30.0,2024-11-06,UNKNOWN B BRAUN INFUSION PUMP,80FRN,0,UNDEFINED,HOSPITAL / HÔPITAL,(HOSPITAL)
1127196,Mandatory problem report,Déclaration d'incident obligatoire,2024-12-03,Canada,Canada,POTENTIAL FOR DEATH/INJURY,POTENTIEL DE MORT / DE BLESSURES,2024-11-08,30.0,2024-11-08,UNKNOWN B BRAUN INFUSION PUMP,80FRN,0,UNDEFINED,HOSPITAL / HÔPITAL,(HOSPITAL)
1127214,Mandatory problem report,Déclaration d'incident obligatoire,2024-12-03,Canada,Canada,POTENTIAL FOR DEATH/INJURY,POTENTIEL DE MORT / DE BLESSURES,2024-11-08,30.0,2024-11-08,UNKNOWN B BRAUN INFUSION PUMP,80FRN,0,UNDEFINED,HOSPITAL / HÔPITAL,(HOSPITAL)
1127226,Mandatory problem report,Déclaration d'incident obligatoire,2024-12-03,Canada,Canada,POTENTIAL FOR DEATH/INJURY,POTENTIEL DE MORT / DE BLESSURES,2024-11-14,30.0,2024-11-14,UNKNOWN B BRAUN INFUSION PUMP,80FRN,0,UNDEFINED,HOSPITAL / HÔPITAL,(HOSPITAL)
1128589,Mandatory problem report,Déclaration d'incident obligatoire,2024-12-16,Canada,Canada,POTENTIAL FOR DEATH/INJURY,POTENTIEL DE MORT / DE BLESSURES,2024-12-16,,2024-12-02,INFUSOMAT SPACE PUMP IV SET,80FPA,2,GENERAL HOSPITAL,HOSPITAL / HÔPITAL; B. BRAUN MEDICAL INC.; B. BRAUN US DEVICE MANUFACTURING LLC.,(HOSPITAL); (MANUFACTURER); (IMPORTER)
1128810,Mandatory problem report,Déclaration d'incident obligatoire,2024-12-17,Canada,Canada,POTENTIAL FOR DEATH/INJURY,POTENTIEL DE MORT / DE BLESSURES,2024-11-26,30.0,2024-11-26,UNKNOWN B BRAUN INFUSION PUMP,80FRN,0,UNDEFINED,HOSPITAL / HÔPITAL; B. BRAUN MEDICAL INC.,(HOSPITAL); (MANUFACTURER)
1128858,Mandatory problem report,Déclaration d'incident obligatoire,2024-12-17,Canada,Canada,POTENTIAL FOR DEATH/INJURY,POTENTIEL DE MORT / DE BLESSURES,2024-11-26,30.0,2024-11-22,UNKNOWN B BRAUN INFUSOMAT VOLUMETRIC PUMP,80FPA,0,UNDEFINED,HOSPITAL / HÔPITAL; B. BRAUN MELSUNGEN AG,(HOSPITAL); (MANUFACTURER)
1128897,Mandatory problem report,Déclaration d'incident obligatoire,2024-12-17,Canada,Canada,POTENTIAL FOR DEATH/INJURY,POTENTIEL DE MORT / DE BLESSURES,2024-11-17,30.0,2024-11-17,INFUSOMAT SPACE PUMP IV SET WITH ANTI-SIPHON VALVE,80FPA,2,GENERAL HOSPITAL,HOSPITAL / HÔPITAL; B. BRAUN MEDICAL INC.,(HOSPITAL); (MANUFACTURER)
1128917,Mandatory problem report,Déclaration d'incident obligatoire,2024-12-17,Canada,Canada,POTENTIAL FOR DEATH/INJURY,POTENTIEL DE MORT / DE BLESSURES,2024-11-27,30.0,2024-11-27,UNKNOWN B BRAUN INFUSION PUMP,80FRN,0,UNDEFINED,HOSPITAL / HÔPITAL; B. BRAUN MEDICAL INC.,(HOSPITAL); (MANUFACTURER)
1129009,Mandatory problem report,Déclaration d'incident obligatoire,2024-12-17,Canada,Canada,POTENTIAL FOR DEATH/INJURY,POTENTIEL DE MORT / DE BLESSURES,2024-11-25,30.0,2024-10-31,INFUSOMAT SPACE PUMP IV SET WITH ANTI-SIPHON VALVE,80FPA,2,GENERAL HOSPITAL,HOSPITAL / HÔPITAL; B. BRAUN,(HOSPITAL); (MANUFACTURER)
1129294,Mandatory problem report,Déclaration d'incident obligatoire,2024-12-19,Canada,Canada,POTENTIAL FOR DEATH/INJURY,POTENTIEL DE MORT / DE BLESSURES,2024-11-06,30.0,2024-11-06,SPACE INFUSION SYSTEM - INFUSOMAT SPACE VOLUMETRIC INFUSION PUMP,80FRN,3,GENERAL HOSPITAL,HOSPITAL / HÔPITAL; B. BRAUN MELSUNGEN AG,(HOSPITAL); (MANUFACTURER)
1129301,Mandatory problem report,Déclaration d'incident obligatoire,2024-12-19,Canada,Canada,POTENTIAL FOR DEATH/INJURY,POTENTIEL DE MORT / DE BLESSURES,2024-11-06,,2024-11-06,SPACE INFUSION SYSTEM - INFUSOMAT SPACE VOLUMETRIC INFUSION PUMP,80FRN,3,GENERAL HOSPITAL,HOSPITAL / HÔPITAL; B. BRAUN MELSUNGEN AG,(HOSPITAL); (MANUFACTURER)
1129323,Mandatory problem report,Déclaration d'incident obligatoire,2024-12-19,Canada,Canada,POTENTIAL FOR DEATH/INJURY,POTENTIEL DE MORT / DE BLESSURES,2024-11-08,30.0,2024-11-07,SPACE INFUSION SYSTEM - INFUSOMAT SPACE VOLUMETRIC INFUSION PUMP,80FRN,3,GENERAL HOSPITAL,HOSPITAL / HÔPITAL; B. BRAUN MELSUNGEN AG,(HOSPITAL); (MANUFACTURER)
1129331,Mandatory problem report,Déclaration d'incident obligatoire,2024-12-19,Canada,Canada,POTENTIAL FOR DEATH/INJURY,POTENTIEL DE MORT / DE BLESSURES,2024-11-27,30.0,2024-11-24,SPACE INFUSION SYSTEM - INFUSOMAT SPACE VOLUMETRIC INFUSION PUMP,80FRN,3,GENERAL HOSPITAL,HOSPITAL / HÔPITAL; B. BRAUN MELSUNGEN AG; B. BRAUN US DEVICE MANUFACTURING LLC.,(HOSPITAL); (MANUFACTURER); (IMPORTER)
1129334,Mandatory problem report,Déclaration d'incident obligatoire,2024-12-19,Canada,Canada,POTENTIAL FOR DEATH/INJURY,POTENTIEL DE MORT / DE BLESSURES,2024-11-21,30.0,2024-11-21,SPACE INFUSION SYSTEM - INFUSOMAT SPACE VOLUMETRIC INFUSION PUMP,80FRN,3,GENERAL HOSPITAL,HOSPITAL / HÔPITAL; B. BRAUN MELSUNGEN AG,(HOSPITAL); (MANUFACTURER)
1129430,Mandatory problem report,Déclaration d'incident obligatoire,2024-12-19,Canada,Canada,POTENTIAL FOR DEATH/INJURY,POTENTIEL DE MORT / DE BLESSURES,2024-11-09,30.0,2024-11-09,SPACE INFUSION SYSTEM - INFUSOMAT SPACE VOLUMETRIC INFUSION PUMP; UNKNOWN INTRAVENOUS ADMINISTRATION SETS,80FRN; 99ZZZ,3; 0,GENERAL HOSPITAL; UNDEFINED,HOSPITAL / HÔPITAL; B. BRAUN MELSUNGEN AG,(HOSPITAL); (MANUFACTURER)
1129515,Mandatory problem report,Déclaration d'incident obligatoire,2024-12-19,Canada,Canada,POTENTIAL FOR DEATH/INJURY,POTENTIEL DE MORT / DE BLESSURES,2024-11-30,,2024-11-30,SPACE INFUSION SYSTEM - INFUSOMAT SPACE VOLUMETRIC INFUSION PUMP,80FRN,3,GENERAL HOSPITAL,HOSPITAL / HÔPITAL; B. BRAUN MELSUNGEN AG,(HOSPITAL); (MANUFACTURER)
1129524,Mandatory problem report,Déclaration d'incident obligatoire,2024-12-19,Canada,Canada,POTENTIAL FOR DEATH/INJURY,POTENTIEL DE MORT / DE BLESSURES,2024-11-08,,2024-11-07,SPACE INFUSION SYSTEM - INFUSOMAT SPACE VOLUMETRIC INFUSION PUMP,80FRN,3,GENERAL HOSPITAL,HOSPITAL / HÔPITAL; B. BRAUN MELSUNGEN AG,(HOSPITAL); (MANUFACTURER)
1129850,Mandatory problem report,Déclaration d'incident obligatoire,2024-12-19,Canada,Canada,POTENTIAL FOR DEATH/INJURY,POTENTIEL DE MORT / DE BLESSURES,2024-11-06,30.0,2024-11-06,SPACE INFUSION SYSTEM - INFUSOMAT SPACE VOLUMETRIC INFUSION PUMP,80FRN,3,GENERAL HOSPITAL,HOSPITAL / HÔPITAL; B. BRAUN MELSUNGEN AG,(HOSPITAL); (MANUFACTURER)
1129858,Mandatory problem report,Déclaration d'incident obligatoire,2024-12-19,Canada,Canada,POTENTIAL FOR DEATH/INJURY,POTENTIEL DE MORT / DE BLESSURES,2024-11-08,,2024-11-08,SPACE INFUSION SYSTEM - INFUSOMAT SPACE VOLUMETRIC INFUSION PUMP,80FRN,3,GENERAL HOSPITAL,HOSPITAL / HÔPITAL; B. BRAUN MELSUNGEN AG,(HOSPITAL); (MANUFACTURER)
1129868,Mandatory problem report,Déclaration d'incident obligatoire,2024-12-19,Canada,Canada,POTENTIAL FOR DEATH/INJURY,POTENTIEL DE MORT / DE BLESSURES,2024-11-13,30.0,2024-11-13,SPACE INFUSION SYSTEM - INFUSOMAT SPACE VOLUMETRIC INFUSION PUMP,80FRN,3,GENERAL HOSPITAL,HOSPITAL / HÔPITAL; B. BRAUN MELSUNGEN AG,(HOSPITAL); (MANUFACTURER)
1129874,Mandatory problem report,Déclaration d'incident obligatoire,2024-12-19,Canada,Canada,POTENTIAL FOR DEATH/INJURY,POTENTIEL DE MORT / DE BLESSURES,2024-11-07,,2024-11-07,SPACE INFUSION SYSTEM - INFUSOMAT SPACE VOLUMETRIC INFUSION PUMP,80FRN,3,GENERAL HOSPITAL,HOSPITAL / HÔPITAL; B. BRAUN MELSUNGEN AG,(HOSPITAL); (MANUFACTURER)
1129887,Mandatory problem report,Déclaration d'incident obligatoire,2024-12-19,Canada,Canada,POTENTIAL FOR DEATH/INJURY,POTENTIEL DE MORT / DE BLESSURES,2024-11-08,,2024-11-08,SPACE INFUSION SYSTEM - INFUSOMAT SPACE VOLUMETRIC INFUSION PUMP,80FRN,3,GENERAL HOSPITAL,HOSPITAL / HÔPITAL; B. BRAUN MELSUNGEN AG,(HOSPITAL); (MANUFACTURER)
1129894,Mandatory problem report,Déclaration d'incident obligatoire,2024-12-19,Canada,Canada,POTENTIAL FOR DEATH/INJURY,POTENTIEL DE MORT / DE BLESSURES,2024-11-08,30.0,2024-11-07,SPACE INFUSION SYSTEM - INFUSOMAT SPACE VOLUMETRIC INFUSION PUMP,80FRN,3,GENERAL HOSPITAL,HOSPITAL / HÔPITAL; B. BRAUN MELSUNGEN AG,(HOSPITAL); (MANUFACTURER)
1129926,Mandatory problem report,Déclaration d'incident obligatoire,2024-12-19,Canada,Canada,POTENTIAL FOR DEATH/INJURY,POTENTIEL DE MORT / DE BLESSURES,2024-11-11,,2024-11-11,SPACE INFUSION SYSTEM - INFUSOMAT SPACE VOLUMETRIC INFUSION PUMP,80FRN,3,GENERAL HOSPITAL,HOSPITAL / HÔPITAL; B. BRAUN MELSUNGEN AG,(HOSPITAL); (MANUFACTURER)
1129961,Mandatory problem report,Déclaration d'incident obligatoire,2024-12-19,Canada,Canada,POTENTIAL FOR DEATH/INJURY,POTENTIEL DE MORT / DE BLESSURES,2024-11-14,,2024-11-11,SPACE INFUSION SYSTEM - INFUSOMAT SPACE VOLUMETRIC INFUSION PUMP,80FRN,3,GENERAL HOSPITAL,HOSPITAL / HÔPITAL; B. BRAUN MELSUNGEN AG,(HOSPITAL); (MANUFACTURER)
1129968,Mandatory problem report,Déclaration d'incident obligatoire,2024-12-19,Canada,Canada,POTENTIAL FOR DEATH/INJURY,POTENTIEL DE MORT / DE BLESSURES,2024-11-09,,2024-11-09,SPACE INFUSION SYSTEM - INFUSOMAT SPACE VOLUMETRIC INFUSION PUMP,80FRN,3,GENERAL HOSPITAL,HOSPITAL / HÔPITAL; B. BRAUN MELSUNGEN AG,(HOSPITAL); (MANUFACTURER)
1129978,Mandatory problem report,Déclaration d'incident obligatoire,2024-12-19,Canada,Canada,POTENTIAL FOR DEATH/INJURY,POTENTIEL DE MORT / DE BLESSURES,2024-11-07,30.0,2024-11-07,SPACE INFUSION SYSTEM - INFUSOMAT SPACE VOLUMETRIC INFUSION PUMP,80FRN,3,GENERAL HOSPITAL,HOSPITAL / HÔPITAL; B. BRAUN MELSUNGEN AG,(HOSPITAL); (MANUFACTURER)
1129984,Mandatory problem report,Déclaration d'incident obligatoire,2024-12-19,Canada,Canada,POTENTIAL FOR DEATH/INJURY,POTENTIEL DE MORT / DE BLESSURES,2024-11-09,30.0,2024-11-09,SPACE INFUSION SYSTEM - INFUSOMAT SPACE VOLUMETRIC INFUSION PUMP,80FRN,3,GENERAL HOSPITAL,HOSPITAL / HÔPITAL; B. BRAUN MELSUNGEN AG,(HOSPITAL); (MANUFACTURER)
1130031,Mandatory problem report,Déclaration d'incident obligatoire,2024-12-19,Canada,Canada,POTENTIAL FOR DEATH/INJURY,POTENTIEL DE MORT / DE BLESSURES,2024-11-14,30.0,2024-11-14,INFUSOMAT SPACE PUMP IV SET,80FPA,2,GENERAL HOSPITAL,HOSPITAL / HÔPITAL; B. BRAUN MEDICAL INC.,(HOSPITAL); (MANUFACTURER)
1130044,Mandatory problem report,Déclaration d'incident obligatoire,2024-12-19,Canada,Canada,POTENTIAL FOR DEATH/INJURY,POTENTIEL DE MORT / DE BLESSURES,2024-11-20,30.0,2024-11-16,SPACE INFUSION SYSTEM - INFUSOMAT SPACE VOLUMETRIC INFUSION PUMP,80FRN,3,GENERAL HOSPITAL,HOSPITAL / HÔPITAL; B. BRAUN MELSUNGEN AG,(HOSPITAL); (MANUFACTURER)
1130057,Mandatory problem report,Déclaration d'incident obligatoire,2024-12-19,Canada,Canada,POTENTIAL FOR DEATH/INJURY,POTENTIEL DE MORT / DE BLESSURES,2024-11-26,30.0,2024-11-26,SPACE INFUSION SYSTEM - INFUSOMAT SPACE VOLUMETRIC INFUSION PUMP,80FRN,3,GENERAL HOSPITAL,HOSPITAL / HÔPITAL; B. BRAUN MELSUNGEN AG,(HOSPITAL); (MANUFACTURER)
1130061,Mandatory problem report,Déclaration d'incident obligatoire,2024-12-19,Canada,Canada,POTENTIAL FOR DEATH/INJURY,POTENTIEL DE MORT / DE BLESSURES,2024-11-28,30.0,2024-11-28,SPACE INFUSION SYSTEM - INFUSOMAT SPACE VOLUMETRIC INFUSION PUMP,80FRN,3,GENERAL HOSPITAL,HOSPITAL / HÔPITAL; B. BRAUN MELSUNGEN AG,(HOSPITAL); (MANUFACTURER)
1130085,Mandatory problem report,Déclaration d'incident obligatoire,2024-12-19,Canada,Canada,POTENTIAL FOR DEATH/INJURY,POTENTIEL DE MORT / DE BLESSURES,2024-11-18,30.0,2024-11-15,SPACE INFUSION SYSTEM - INFUSOMAT SPACE VOLUMETRIC INFUSION PUMP,80FRN,3,GENERAL HOSPITAL,HOSPITAL / HÔPITAL; B. BRAUN MELSUNGEN AG,(HOSPITAL); (MANUFACTURER)
1130510,Mandatory problem report,Déclaration d'incident obligatoire,2024-12-19,Canada,Canada,POTENTIAL FOR DEATH/INJURY,POTENTIEL DE MORT / DE BLESSURES,2024-11-25,30.0,2024-11-25,SPACE INFUSION SYSTEM - INFUSOMAT SPACE VOLUMETRIC INFUSION PUMP,80FRN,3,GENERAL HOSPITAL,HOSPITAL / HÔPITAL; B. BRAUN MELSUNGEN AG,(HOSPITAL); (MANUFACTURER)
1130562,Mandatory problem report,Déclaration d'incident obligatoire,2024-12-19,Canada,Canada,POTENTIAL FOR DEATH/INJURY,POTENTIEL DE MORT / DE BLESSURES,2024-11-26,30.0,2024-11-26,SPACE INFUSION SYSTEM - INFUSOMAT SPACE VOLUMETRIC INFUSION PUMP; UNKNOWN B BRAUN IV TUBING,80FRN; 80FPA,3; 0,GENERAL HOSPITAL; UNDEFINED,HOSPITAL / HÔPITAL; B. BRAUN MELSUNGEN AG,(HOSPITAL); (MANUFACTURER)
1130591,Mandatory problem report,Déclaration d'incident obligatoire,2024-12-19,Canada,Canada,POTENTIAL FOR DEATH/INJURY,POTENTIEL DE MORT / DE BLESSURES,2024-11-26,30.0,2024-11-26,SPACE INFUSION SYSTEM - INFUSOMAT SPACE VOLUMETRIC INFUSION PUMP; UNKNOWN B BRAUN IV TUBING,80FRN; 80FPA,3; 0,GENERAL HOSPITAL; UNDEFINED,HOSPITAL / HÔPITAL; B. BRAUN MELSUNGEN AG,(HOSPITAL); (MANUFACTURER)
1130599,Mandatory problem report,Déclaration d'incident obligatoire,2024-12-19,Canada,Canada,POTENTIAL FOR DEATH/INJURY,POTENTIEL DE MORT / DE BLESSURES,2024-11-09,30.0,2024-11-09,SPACE INFUSION SYSTEM - INFUSOMAT SPACE VOLUMETRIC INFUSION PUMP,80FRN,3,GENERAL HOSPITAL,HOSPITAL / HÔPITAL; B. BRAUN MELSUNGEN AG,(HOSPITAL); (MANUFACTURER)
1130615,Mandatory problem report,Déclaration d'incident obligatoire,2024-12-19,Canada,Canada,POTENTIAL FOR DEATH/INJURY,POTENTIEL DE MORT / DE BLESSURES,2024-11-05,30.0,2024-11-05,SPACE INFUSION SYSTEM - INFUSOMAT SPACE VOLUMETRIC INFUSION PUMP,80FRN,3,GENERAL HOSPITAL,HOSPITAL / HÔPITAL,(HOSPITAL)
1130618,Mandatory problem report,Déclaration d'incident obligatoire,2024-12-19,Canada,Canada,POTENTIAL FOR DEATH/INJURY,POTENTIEL DE MORT / DE BLESSURES,2024-11-20,30.0,2024-11-19,SPACE INFUSION SYSTEM - INFUSOMAT SPACE VOLUMETRIC INFUSION PUMP,80FRN,3,GENERAL HOSPITAL,HOSPITAL / HÔPITAL,(HOSPITAL)
1130698,Mandatory problem report,Déclaration d'incident obligatoire,2024-12-19,Canada,Canada,POTENTIAL FOR DEATH/INJURY,POTENTIEL DE MORT / DE BLESSURES,2024-11-07,30.0,2024-11-07,SPACE INFUSION SYSTEM - INFUSOMAT SPACE VOLUMETRIC INFUSION PUMP,80FRN,3,GENERAL HOSPITAL,HOSPITAL / HÔPITAL; B. BRAUN MELSUNGEN AG,(HOSPITAL); (MANUFACTURER)
1130700,Mandatory problem report,Déclaration d'incident obligatoire,2024-12-19,Canada,Canada,POTENTIAL FOR DEATH/INJURY,POTENTIEL DE MORT / DE BLESSURES,2023-12-31,30.0,2023-12-31,SPACE INFUSION SYSTEM - INFUSOMAT SPACE VOLUMETRIC INFUSION PUMP,80FRN,3,GENERAL HOSPITAL,HOSPITAL / HÔPITAL; BRAUN CORP.,(HOSPITAL); (MANUFACTURER)
1130771,Mandatory problem report,Déclaration d'incident obligatoire,2025-01-02,Canada,Canada,POTENTIAL FOR DEATH/INJURY,POTENTIEL DE MORT / DE BLESSURES,2024-12-13,30.0,2024-12-12,UNKNOWN B BRAUN INFUSION PUMP,80FRN,0,UNDEFINED,HOSPITAL / HÔPITAL,(HOSPITAL)
1130801,Mandatory problem report,Déclaration d'incident obligatoire,2025-01-02,Canada,Canada,POTENTIAL FOR DEATH/INJURY,POTENTIEL DE MORT / DE BLESSURES,2024-12-05,30.0,2024-12-05,UNKNOWN INFUSION PUMPS; UNKNOWN B BRAUN IV TUBING,99ZZZ; 80FPA,0,UNDEFINED,HOSPITAL / HÔPITAL,(HOSPITAL)
1130812,Mandatory problem report,Déclaration d'incident obligatoire,2025-01-02,Canada,Canada,POTENTIAL FOR DEATH/INJURY,POTENTIEL DE MORT / DE BLESSURES,2024-12-02,30.0,2024-12-02,UNKNOWN B BRAUN INFUSION PUMP,80FRN,0,UNDEFINED,HOSPITAL / HÔPITAL,(HOSPITAL)
1130822,Mandatory problem report,Déclaration d'incident obligatoire,2025-01-02,Canada,Canada,POTENTIAL FOR DEATH/INJURY,POTENTIEL DE MORT / DE BLESSURES,2024-12-15,30.0,2024-12-13,UNKNOWN B BRAUN INFUSION PUMP; UNKNOWN B BRAUN IV TUBING,80FRN; 80FPA,0,UNDEFINED,HOSPITAL / HÔPITAL; B. BRAUN MEDICAL INC.,(HOSPITAL); (MANUFACTURER)
1130857,Mandatory problem report,Déclaration d'incident obligatoire,2025-01-02,Canada,Canada,POTENTIAL FOR DEATH/INJURY,POTENTIEL DE MORT / DE BLESSURES,2023-12-31,30.0,2023-12-31,UNKNOWN B BRAUN INFUSION PUMP,80FRN,0,UNDEFINED,HOSPITAL / HÔPITAL,(HOSPITAL)
1130962,Mandatory problem report,Déclaration d'incident obligatoire,2025-01-07,Canada,Canada,POTENTIAL FOR DEATH/INJURY,POTENTIEL DE MORT / DE BLESSURES,2024-12-04,30.0,2024-12-04,SPACE INFUSION SYSTEM - INFUSOMAT SPACE VOLUMETRIC INFUSION PUMP,80FRN,3,GENERAL HOSPITAL,HOSPITAL / HÔPITAL; B. BRAUN MELSUNGEN AG,(HOSPITAL); (MANUFACTURER)
1130985,Mandatory problem report,Déclaration d'incident obligatoire,2025-01-07,Canada,Canada,POTENTIAL FOR DEATH/INJURY,POTENTIEL DE MORT / DE BLESSURES,2024-12-07,30.0,2024-12-07,SPACE INFUSION SYSTEM - INFUSOMAT SPACE VOLUMETRIC INFUSION PUMP,80FRN,3,GENERAL HOSPITAL,HOSPITAL / HÔPITAL; B. BRAUN MELSUNGEN AG,(HOSPITAL); (MANUFACTURER)
1130997,Mandatory problem report,Déclaration d'incident obligatoire,2025-01-07,Canada,Canada,POTENTIAL FOR DEATH/INJURY,POTENTIEL DE MORT / DE BLESSURES,2024-12-02,30.0,2024-12-02,SPACE INFUSION SYSTEM - INFUSOMAT SPACE VOLUMETRIC INFUSION PUMP,80FRN,3,GENERAL HOSPITAL,HOSPITAL / HÔPITAL; B. BRAUN MELSUNGEN AG; B. BRAUN US DEVICE MANUFACTURING LLC.,(HOSPITAL); (MANUFACTURER); (IMPORTER)
1131000,Mandatory problem report,Déclaration d'incident obligatoire,2025-01-07,Canada,Canada,POTENTIAL FOR DEATH/INJURY,POTENTIEL DE MORT / DE BLESSURES,2024-12-08,30.0,2024-12-08,SPACE INFUSION SYSTEM - INFUSOMAT SPACE VOLUMETRIC INFUSION PUMP,80FRN,3,GENERAL HOSPITAL,HOSPITAL / HÔPITAL; B. BRAUN MELSUNGEN AG,(HOSPITAL); (MANUFACTURER)
1131026,Mandatory problem report,Déclaration d'incident obligatoire,2025-01-07,Canada,Canada,POTENTIAL FOR DEATH/INJURY,POTENTIEL DE MORT / DE BLESSURES,2024-12-03,30.0,2024-12-03,SPACE INFUSION SYSTEM - INFUSOMAT SPACE VOLUMETRIC INFUSION PUMP,80FRN,3,GENERAL HOSPITAL,HOSPITAL / HÔPITAL; B. BRAUN MELSUNGEN AG; B. BRAUN US DEVICE MANUFACTURING LLC.,(HOSPITAL); (MANUFACTURER); (IMPORTER)
1131055,Mandatory problem report,Déclaration d'incident obligatoire,2025-01-07,Canada,Canada,POTENTIAL FOR DEATH/INJURY,POTENTIEL DE MORT / DE BLESSURES,2024-12-04,30.0,2024-11-21,SPACE INFUSION SYSTEM - INFUSOMAT SPACE VOLUMETRIC INFUSION PUMP,80FRN,3,GENERAL HOSPITAL,HOSPITAL / HÔPITAL; B. BRAUN MELSUNGEN AG; B. BRAUN US DEVICE MANUFACTURING LLC.,(HOSPITAL); (MANUFACTURER); (IMPORTER)
1131079,Mandatory problem report,Déclaration d'incident obligatoire,2025-01-07,Canada,Canada,POTENTIAL FOR DEATH/INJURY,POTENTIEL DE MORT / DE BLESSURES,2024-12-04,30.0,2024-12-03,SPACE INFUSION SYSTEM - INFUSOMAT SPACE VOLUMETRIC INFUSION PUMP,80FRN,3,GENERAL HOSPITAL,HOSPITAL / HÔPITAL; B. BRAUN MELSUNGEN AG; B. BRAUN US DEVICE MANUFACTURING LLC.,(HOSPITAL); (MANUFACTURER); (IMPORTER)
1131085,Mandatory problem report,Déclaration d'incident obligatoire,2025-01-07,Canada,Canada,POTENTIAL FOR DEATH/INJURY,POTENTIEL DE MORT / DE BLESSURES,2024-12-12,30.0,2024-12-12,SPACE INFUSION SYSTEM - INFUSOMAT SPACE VOLUMETRIC INFUSION PUMP,80FRN,3,GENERAL HOSPITAL,HOSPITAL / HÔPITAL; B. BRAUN MELSUNGEN AG,(HOSPITAL); (MANUFACTURER)
1131086,Mandatory problem report,Déclaration d'incident obligatoire,2025-01-07,Canada,Canada,POTENTIAL FOR DEATH/INJURY,POTENTIEL DE MORT / DE BLESSURES,2024-12-14,30.0,2024-12-14,SPACE INFUSION SYSTEM - INFUSOMAT SPACE VOLUMETRIC INFUSION PUMP,80FRN,3,GENERAL HOSPITAL,HOSPITAL / HÔPITAL; B. BRAUN,(HOSPITAL); (MANUFACTURER)
1131094,Mandatory problem report,Déclaration d'incident obligatoire,2025-01-07,Canada,Canada,POTENTIAL FOR DEATH/INJURY,POTENTIEL DE MORT / DE BLESSURES,2024-12-14,30.0,2024-12-13,SPACE INFUSION SYSTEM - INFUSOMAT SPACE VOLUMETRIC INFUSION PUMP,80FRN,3,GENERAL HOSPITAL,HOSPITAL / HÔPITAL; B. BRAUN MELSUNGEN AG,(HOSPITAL); (MANUFACTURER)
1131095,Mandatory problem report,Déclaration d'incident obligatoire,2025-01-07,Canada,Canada,POTENTIAL FOR DEATH/INJURY,POTENTIEL DE MORT / DE BLESSURES,2024-12-03,30.0,2024-12-03,SPACE INFUSION SYSTEM - INFUSOMAT SPACE VOLUMETRIC INFUSION PUMP,80FRN,3,GENERAL HOSPITAL,HOSPITAL / HÔPITAL; B. BRAUN MELSUNGEN AG; B. BRAUN US DEVICE MANUFACTURING LLC.,(HOSPITAL); (MANUFACTURER); (IMPORTER)
1131122,Mandatory problem report,Déclaration d'incident obligatoire,2025-01-07,Canada,Canada,POTENTIAL FOR DEATH/INJURY,POTENTIEL DE MORT / DE BLESSURES,2024-12-04,30.0,2024-12-04,SPACE INFUSION SYSTEM - INFUSOMAT SPACE VOLUMETRIC INFUSION PUMP,80FRN,3,GENERAL HOSPITAL,HOSPITAL / HÔPITAL; B. BRAUN MELSUNGEN AG; B. BRAUN US DEVICE MANUFACTURING LLC.,(HOSPITAL); (MANUFACTURER); (IMPORTER)
1131132,Mandatory problem report,Déclaration d'incident obligatoire,2025-01-07,Canada,Canada,POTENTIAL FOR DEATH/INJURY,POTENTIEL DE MORT / DE BLESSURES,2024-12-01,30.0,2024-12-01,SPACE INFUSION SYSTEM - INFUSOMAT SPACE VOLUMETRIC INFUSION PUMP,80FRN,3,GENERAL HOSPITAL,HOSPITAL / HÔPITAL; B. BRAUN MELSUNGEN AG,(HOSPITAL); (MANUFACTURER)
1131133,Mandatory problem report,Déclaration d'incident obligatoire,2025-01-07,Canada,Canada,POTENTIAL FOR DEATH/INJURY,POTENTIEL DE MORT / DE BLESSURES,2024-12-04,30.0,2024-12-04,SPACE INFUSION SYSTEM - INFUSOMAT SPACE VOLUMETRIC INFUSION PUMP,80FRN,3,GENERAL HOSPITAL,HOSPITAL / HÔPITAL; B. BRAUN MELSUNGEN AG; B. BRAUN US DEVICE MANUFACTURING LLC.,(HOSPITAL); (MANUFACTURER); (IMPORTER)
1131139,Mandatory problem report,Déclaration d'incident obligatoire,2025-01-07,Canada,Canada,POTENTIAL FOR DEATH/INJURY,POTENTIEL DE MORT / DE BLESSURES,2024-12-04,30.0,2024-12-04,SPACE INFUSION SYSTEM - INFUSOMAT SPACE VOLUMETRIC INFUSION PUMP,80FRN,3,GENERAL HOSPITAL,HOSPITAL / HÔPITAL; B. BRAUN MELSUNGEN AG,(HOSPITAL); (MANUFACTURER)
1131147,Mandatory problem report,Déclaration d'incident obligatoire,2025-01-07,Canada,Canada,POTENTIAL FOR DEATH/INJURY,POTENTIEL DE MORT / DE BLESSURES,2024-12-05,30.0,2024-12-05,SPACE INFUSION SYSTEM - INFUSOMAT SPACE VOLUMETRIC INFUSION PUMP,80FRN,3,GENERAL HOSPITAL,HOSPITAL / HÔPITAL; B. BRAUN MELSUNGEN AG,(HOSPITAL); (MANUFACTURER)
1131167,Mandatory problem report,Déclaration d'incident obligatoire,2025-01-07,Canada,Canada,POTENTIAL FOR DEATH/INJURY,POTENTIEL DE MORT / DE BLESSURES,2024-12-09,30.0,2024-12-09,SPACE INFUSION SYSTEM - INFUSOMAT SPACE VOLUMETRIC INFUSION PUMP,80FRN,3,GENERAL HOSPITAL,HOSPITAL / HÔPITAL; B. BRAUN,(HOSPITAL); (MANUFACTURER)
1131168,Mandatory problem report,Déclaration d'incident obligatoire,2025-01-07,Canada,Canada,POTENTIAL FOR DEATH/INJURY,POTENTIEL DE MORT / DE BLESSURES,2024-12-13,30.0,2024-12-13,SPACE INFUSION SYSTEM - INFUSOMAT SPACE VOLUMETRIC INFUSION PUMP,80FRN,3,GENERAL HOSPITAL,HOSPITAL / HÔPITAL; B. BRAUN,(HOSPITAL); (MANUFACTURER)
1131171,Mandatory problem report,Déclaration d'incident obligatoire,2025-01-07,Canada,Canada,POTENTIAL FOR DEATH/INJURY,POTENTIEL DE MORT / DE BLESSURES,2024-12-14,30.0,2024-12-13,SPACE INFUSION SYSTEM - INFUSOMAT SPACE VOLUMETRIC INFUSION PUMP,80FRN,3,GENERAL HOSPITAL,HOSPITAL / HÔPITAL; B. BRAUN,(HOSPITAL); (MANUFACTURER)
1131172,Mandatory problem report,Déclaration d'incident obligatoire,2025-01-07,Canada,Canada,POTENTIAL FOR DEATH/INJURY,POTENTIEL DE MORT / DE BLESSURES,2024-12-07,30.0,2024-12-06,SPACE INFUSION SYSTEM - INFUSOMAT SPACE VOLUMETRIC INFUSION PUMP,80FRN,3,GENERAL HOSPITAL,HOSPITAL / HÔPITAL; B. BRAUN,(HOSPITAL); (MANUFACTURER)
1131848,Mandatory problem report,Déclaration d'incident obligatoire,2025-01-13,Canada,Canada,POTENTIAL FOR DEATH/INJURY,POTENTIEL DE MORT / DE BLESSURES,2024-12-17,30.0,2024-12-17,SPACE INFUSION SYSTEM - INFUSOMAT SPACE VOLUMETRIC INFUSION PUMP,80FRN,3,GENERAL HOSPITAL,HOSPITAL / HÔPITAL; B. BRAUN MELSUNGEN AG; B. BRAUN US DEVICE MANUFACTURING LLC.,(HOSPITAL); (MANUFACTURER); (IMPORTER)
1131859,Mandatory problem report,Déclaration d'incident obligatoire,2025-01-13,Canada,Canada,POTENTIAL FOR DEATH/INJURY,POTENTIEL DE MORT / DE BLESSURES,2024-12-20,30.0,,SPACE INFUSION SYSTEM - INFUSOMAT SPACE VOLUMETRIC INFUSION PUMP,80FRN,3,GENERAL HOSPITAL,HOSPITAL / HÔPITAL; B. BRAUN,(HOSPITAL); (MANUFACTURER)
1131866,Mandatory problem report,Déclaration d'incident obligatoire,2025-01-13,Canada,Canada,POTENTIAL FOR DEATH/INJURY,POTENTIEL DE MORT / DE BLESSURES,2024-12-24,30.0,2024-12-24,SPACE INFUSION SYSTEM - INFUSOMAT SPACE VOLUMETRIC INFUSION PUMP,80FRN,3,GENERAL HOSPITAL,HOSPITAL / HÔPITAL; B. BRAUN MELSUNGEN AG; B. BRAUN US DEVICE MANUFACTURING LLC.,(HOSPITAL); (MANUFACTURER); (IMPORTER)
1131874,Mandatory problem report,Déclaration d'incident obligatoire,2025-01-13,Canada,Canada,POTENTIAL FOR DEATH/INJURY,POTENTIEL DE MORT / DE BLESSURES,2024-12-20,30.0,2024-12-20,SPACE INFUSION SYSTEM - INFUSOMAT SPACE VOLUMETRIC INFUSION PUMP,80FRN,3,GENERAL HOSPITAL,HOSPITAL / HÔPITAL; B. BRAUN,(HOSPITAL); (MANUFACTURER)
1131888,Mandatory problem report,Déclaration d'incident obligatoire,2025-01-13,Canada,Canada,POTENTIAL FOR DEATH/INJURY,POTENTIEL DE MORT / DE BLESSURES,2024-12-21,30.0,2024-12-10,SPACE INFUSION SYSTEM - INFUSOMAT SPACE VOLUMETRIC INFUSION PUMP,80FRN,3,GENERAL HOSPITAL,HOSPITAL / HÔPITAL; B. BRAUN MEDICAL INC.; B. BRAUN US DEVICE MANUFACTURING LLC.,(HOSPITAL); (MANUFACTURER); (IMPORTER)
1131934,Mandatory problem report,Déclaration d'incident obligatoire,2025-01-13,Canada,Canada,POTENTIAL FOR DEATH/INJURY,POTENTIEL DE MORT / DE BLESSURES,2024-12-21,30.0,2024-12-20,SPACE INFUSION SYSTEM - INFUSOMAT SPACE VOLUMETRIC INFUSION PUMP,80FRN,3,GENERAL HOSPITAL,HOSPITAL / HÔPITAL; B. BRAUN MELSUNGEN AG; B. BRAUN US DEVICE MANUFACTURING LLC.,(HOSPITAL); (MANUFACTURER); (IMPORTER)
1131948,Mandatory problem report,Déclaration d'incident obligatoire,2025-01-13,Canada,Canada,POTENTIAL FOR DEATH/INJURY,POTENTIEL DE MORT / DE BLESSURES,2024-12-17,30.0,2024-12-17,SPACE INFUSION SYSTEM - INFUSOMAT SPACE VOLUMETRIC INFUSION PUMP,80FRN,3,GENERAL HOSPITAL,HOSPITAL / HÔPITAL; B. BRAUN MELSUNGEN AG; B. BRAUN US DEVICE MANUFACTURING LLC.,(HOSPITAL); (MANUFACTURER); (IMPORTER)
1131980,Mandatory problem report,Déclaration d'incident obligatoire,2025-01-13,Canada,Canada,POTENTIAL FOR DEATH/INJURY,POTENTIEL DE MORT / DE BLESSURES,2024-12-18,30.0,2024-12-18,SPACE INFUSION SYSTEM - INFUSOMAT SPACE VOLUMETRIC INFUSION PUMP,80FRN,3,GENERAL HOSPITAL,HOSPITAL / HÔPITAL; B. BRAUN MELSUNGEN AG; B. BRAUN US DEVICE MANUFACTURING LLC.,(HOSPITAL); (MANUFACTURER); (IMPORTER)
1131987,Mandatory problem report,Déclaration d'incident obligatoire,2025-01-13,Canada,Canada,POTENTIAL FOR DEATH/INJURY,POTENTIEL DE MORT / DE BLESSURES,2024-12-23,30.0,2024-12-21,SPACE INFUSION SYSTEM - INFUSOMAT SPACE VOLUMETRIC INFUSION PUMP,80FRN,3,GENERAL HOSPITAL,HOSPITAL / HÔPITAL; B. BRAUN MELSUNGEN AG; B. BRAUN US DEVICE MANUFACTURING LLC.,(HOSPITAL); (MANUFACTURER); (IMPORTER)
1131996,Mandatory problem report,Déclaration d'incident obligatoire,2025-01-13,Canada,Canada,POTENTIAL FOR DEATH/INJURY,POTENTIEL DE MORT / DE BLESSURES,2024-12-18,30.0,2024-12-18,SPACE INFUSION SYSTEM - INFUSOMAT SPACE VOLUMETRIC INFUSION PUMP,80FRN,3,GENERAL HOSPITAL,HOSPITAL / HÔPITAL; B. BRAUN MELSUNGEN AG; B. BRAUN US DEVICE MANUFACTURING LLC.,(HOSPITAL); (MANUFACTURER); (IMPORTER)
1132212,Mandatory problem report,Déclaration d'incident obligatoire,2025-01-15,Canada,Canada,POTENTIAL FOR DEATH/INJURY,POTENTIEL DE MORT / DE BLESSURES,2024-12-20,30.0,2024-12-20,UNKNOWN B BRAUN INFUSION PUMP,80FRN,0,UNDEFINED,HOSPITAL / HÔPITAL; B. BRAUN MELSUNGEN AG; B. BRAUN US DEVICE MANUFACTURING LLC.,(HOSPITAL); (MANUFACTURER); (IMPORTER)
1132230,Mandatory problem report,Déclaration d'incident obligatoire,2025-01-15,Canada,Canada,POTENTIAL FOR DEATH/INJURY,POTENTIEL DE MORT / DE BLESSURES,2024-12-31,30.0,2024-11-01,INFUSOMAT SPACE PUMP IV SET WITH ANTI-SIPHON VALVE,80FPA,2,GENERAL HOSPITAL,HOSPITAL / HÔPITAL; B. BRAUN MEDICAL INC.,(HOSPITAL); (MANUFACTURER)
1132231,Mandatory problem report,Déclaration d'incident obligatoire,2025-01-15,Canada,Canada,POTENTIAL FOR DEATH/INJURY,POTENTIEL DE MORT / DE BLESSURES,2024-12-23,30.0,2024-12-23,UNKNOWN B BRAUN INFUSION PUMP,80FRN,0,UNDEFINED,HOSPITAL / HÔPITAL; B. BRAUN,(HOSPITAL); (MANUFACTURER)
1132237,Mandatory problem report,Déclaration d'incident obligatoire,2025-01-15,Canada,Canada,POTENTIAL FOR DEATH/INJURY,POTENTIEL DE MORT / DE BLESSURES,2024-12-20,30.0,2024-12-20,SPACE INFUSION SYSTEM - INFUSOMAT SPACE VOLUMETRIC INFUSION PUMP,80FRN,3,GENERAL HOSPITAL,HOSPITAL / HÔPITAL; B. BRAUN,(HOSPITAL); (MANUFACTURER)
1132240,Mandatory problem report,Déclaration d'incident obligatoire,2025-01-15,Canada,Canada,POTENTIAL FOR DEATH/INJURY,POTENTIEL DE MORT / DE BLESSURES,2024-12-31,30.0,2024-12-21,INFUSOMAT SPACE PUMP IV SET WITH ANTI-SIPHON VALVE,80FPA,2,GENERAL HOSPITAL,HOSPITAL / HÔPITAL; B. BRAUN MEDICAL INC.,(HOSPITAL); (MANUFACTURER)
1132273,Mandatory problem report,Déclaration d'incident obligatoire,2025-01-15,Canada,Canada,POTENTIAL FOR DEATH/INJURY,POTENTIEL DE MORT / DE BLESSURES,2024-12-20,30.0,2024-12-20,UNKNOWN B BRAUN INFUSION PUMP,80FRN,0,UNDEFINED,HOSPITAL / HÔPITAL; B. BRAUN MEDICAL INC.,(HOSPITAL); (MANUFACTURER)
1132288,Mandatory problem report,Déclaration d'incident obligatoire,2025-01-15,Canada,Canada,POTENTIAL FOR DEATH/INJURY,POTENTIEL DE MORT / DE BLESSURES,2024-12-17,30.0,2024-12-14,UNKNOWN B BRAUN INFUSION PUMP,80FRN,0,UNDEFINED,HOSPITAL / HÔPITAL; B. BRAUN MELSUNGEN AG; B. BRAUN US DEVICE MANUFACTURING LLC.,(HOSPITAL); (MANUFACTURER); (IMPORTER)
1132317,Mandatory problem report,Déclaration d'incident obligatoire,2025-01-15,Canada,Canada,POTENTIAL FOR DEATH/INJURY,POTENTIEL DE MORT / DE BLESSURES,2024-12-30,30.0,2024-12-30,UNKNOWN B BRAUN INFUSION PUMP; UNKNOWN B BRAUN IV TUBING,80FRN; 80FPA,0,UNDEFINED,HOSPITAL / HÔPITAL; B. BRAUN,(HOSPITAL); (MANUFACTURER)
1132342,Mandatory problem report,Déclaration d'incident obligatoire,2025-01-15,Canada,Canada,POTENTIAL FOR DEATH/INJURY,POTENTIEL DE MORT / DE BLESSURES,2024-12-31,30.0,2024-10-15,INFUSOMAT SPACE PUMP IV SET WITH ANTI-SIPHON VALVE,80FPA,2,GENERAL HOSPITAL,HOSPITAL / HÔPITAL; B. BRAUN,(HOSPITAL); (MANUFACTURER)
1132359,Mandatory problem report,Déclaration d'incident obligatoire,2025-01-15,Canada,Canada,POTENTIAL FOR DEATH/INJURY,POTENTIEL DE MORT / DE BLESSURES,2024-12-19,30.0,2024-12-18,UNKNOWN B BRAUN INFUSION PUMP,80FRN,0,UNDEFINED,UNASSIGNED / NON ATTRIBUE; HOSPITAL / HÔPITAL,"(MANUFACTURER, IMPORTER); (HOSPITAL)"
1133613,Mandatory problem report,Déclaration d'incident obligatoire,2025-01-23,Canada,Canada,POTENTIAL FOR DEATH/INJURY,POTENTIEL DE MORT / DE BLESSURES,2025-01-09,30.0,2025-01-09,SPACE INFUSION SYSTEM - INFUSOMAT SPACE VOLUMETRIC INFUSION PUMP,80FRN,3,GENERAL HOSPITAL,HOSPITAL / HÔPITAL; B. BRAUN MELSUNGEN AG,(HOSPITAL); (MANUFACTURER)
1133625,Mandatory problem report,Déclaration d'incident obligatoire,2025-01-23,Canada,Canada,POTENTIAL FOR DEATH/INJURY,POTENTIEL DE MORT / DE BLESSURES,2025-01-17,30.0,2025-01-12,SPACE INFUSION SYSTEM - INFUSOMAT SPACE VOLUMETRIC INFUSION PUMP,80FRN,3,GENERAL HOSPITAL,HOSPITAL / HÔPITAL; B. BRAUN MELSUNGEN AG,(HOSPITAL); (MANUFACTURER)
1133641,Mandatory problem report,Déclaration d'incident obligatoire,2025-01-23,Canada,Canada,POTENTIAL FOR DEATH/INJURY,POTENTIEL DE MORT / DE BLESSURES,2024-12-31,30.0,2024-12-31,SPACE INFUSION SYSTEM - INFUSOMAT SPACE VOLUMETRIC INFUSION PUMP,80FRN,3,GENERAL HOSPITAL,HOSPITAL / HÔPITAL; B. BRAUN MELSUNGEN AG,(HOSPITAL); (MANUFACTURER)
1133775,Mandatory problem report,Déclaration d'incident obligatoire,2025-01-23,Canada,Canada,POTENTIAL FOR DEATH/INJURY,POTENTIEL DE MORT / DE BLESSURES,2025-01-06,30.0,2025-01-06,SPACE INFUSION SYSTEM - INFUSOMAT SPACE VOLUMETRIC INFUSION PUMP,80FRN,3,GENERAL HOSPITAL,HOSPITAL / HÔPITAL; B. BRAUN MELSUNGEN AG,(HOSPITAL); (MANUFACTURER)
1133781,Mandatory problem report,Déclaration d'incident obligatoire,2025-01-23,Canada,Canada,POTENTIAL FOR DEATH/INJURY,POTENTIEL DE MORT / DE BLESSURES,2025-01-09,30.0,2025-01-09,SPACE INFUSION SYSTEM - INFUSOMAT SPACE VOLUMETRIC INFUSION PUMP,80FRN,3,GENERAL HOSPITAL,HOSPITAL / HÔPITAL; B. BRAUN MELSUNGEN AG,(HOSPITAL); (MANUFACTURER)
1133788,Mandatory problem report,Déclaration d'incident obligatoire,2025-01-23,Canada,Canada,POTENTIAL FOR DEATH/INJURY,POTENTIEL DE MORT / DE BLESSURES,2025-01-07,30.0,2025-01-07,SPACE INFUSION SYSTEM - INFUSOMAT SPACE VOLUMETRIC INFUSION PUMP,80FRN,3,GENERAL HOSPITAL,HOSPITAL / HÔPITAL; B. BRAUN MELSUNGEN AG,(HOSPITAL); (MANUFACTURER)
1133793,Mandatory problem report,Déclaration d'incident obligatoire,2025-01-23,Canada,Canada,POTENTIAL FOR DEATH/INJURY,POTENTIEL DE MORT / DE BLESSURES,2025-01-06,30.0,2025-01-06,SPACE INFUSION SYSTEM - INFUSOMAT SPACE VOLUMETRIC INFUSION PUMP,80FRN,3,GENERAL HOSPITAL,HOSPITAL / HÔPITAL; B. BRAUN MELSUNGEN AG,(HOSPITAL); (MANUFACTURER)
1133811,Mandatory problem report,Déclaration d'incident obligatoire,2025-01-23,Canada,Canada,POTENTIAL FOR DEATH/INJURY,POTENTIEL DE MORT / DE BLESSURES,2024-12-27,30.0,2024-12-27,SPACE INFUSION SYSTEM - INFUSOMAT SPACE VOLUMETRIC INFUSION PUMP,80FRN,3,GENERAL HOSPITAL,HOSPITAL / HÔPITAL; B. BRAUN MELSUNGEN AG,(HOSPITAL); (MANUFACTURER)
1133821,Mandatory problem report,Déclaration d'incident obligatoire,2025-01-23,Canada,Canada,POTENTIAL FOR DEATH/INJURY,POTENTIEL DE MORT / DE BLESSURES,2024-12-25,30.0,2024-12-25,SPACE INFUSION SYSTEM - INFUSOMAT SPACE VOLUMETRIC INFUSION PUMP,80FRN,3,GENERAL HOSPITAL,HOSPITAL / HÔPITAL; B. BRAUN MELSUNGEN AG,(HOSPITAL); (MANUFACTURER)
1133828,Mandatory problem report,Déclaration d'incident obligatoire,2025-01-23,Canada,Canada,POTENTIAL FOR DEATH/INJURY,POTENTIEL DE MORT / DE BLESSURES,2024-12-25,30.0,2024-12-25,SPACE INFUSION SYSTEM - INFUSOMAT SPACE VOLUMETRIC INFUSION PUMP,80FRN,3,GENERAL HOSPITAL,HOSPITAL / HÔPITAL; B. BRAUN MELSUNGEN AG,(HOSPITAL); (MANUFACTURER)
1133908,Mandatory problem report,Déclaration d'incident obligatoire,2025-01-23,Canada,Canada,POTENTIAL FOR DEATH/INJURY,POTENTIEL DE MORT / DE BLESSURES,2024-12-25,30.0,2024-12-25,SPACE INFUSION SYSTEM - INFUSOMAT SPACE VOLUMETRIC INFUSION PUMP,80FRN,3,GENERAL HOSPITAL,HOSPITAL / HÔPITAL; B. BRAUN MELSUNGEN AG,(HOSPITAL); (MANUFACTURER)
1133913,Mandatory problem report,Déclaration d'incident obligatoire,2025-01-23,Canada,Canada,POTENTIAL FOR DEATH/INJURY,POTENTIEL DE MORT / DE BLESSURES,2024-12-25,30.0,2024-12-25,SPACE INFUSION SYSTEM - INFUSOMAT SPACE VOLUMETRIC INFUSION PUMP,80FRN,3,GENERAL HOSPITAL,HOSPITAL / HÔPITAL; B. BRAUN MELSUNGEN AG,(HOSPITAL); (MANUFACTURER)
1133921,Mandatory problem report,Déclaration d'incident obligatoire,2025-01-23,Canada,Canada,POTENTIAL FOR DEATH/INJURY,POTENTIEL DE MORT / DE BLESSURES,2024-12-28,30.0,2024-12-28,SPACE INFUSION SYSTEM - INFUSOMAT SPACE VOLUMETRIC INFUSION PUMP,80FRN,3,GENERAL HOSPITAL,HOSPITAL / HÔPITAL; B. BRAUN MELSUNGEN AG,(HOSPITAL); (MANUFACTURER)
1134266,Mandatory problem report,Déclaration d'incident obligatoire,2025-01-23,Canada,Canada,POTENTIAL FOR DEATH/INJURY,POTENTIEL DE MORT / DE BLESSURES,2024-12-25,30.0,2024-12-25,SPACE INFUSION SYSTEM - INFUSOMAT SPACE VOLUMETRIC INFUSION PUMP,80FRN,3,GENERAL HOSPITAL,HOSPITAL / HÔPITAL; B. BRAUN MELSUNGEN AG; B. BRAUN US DEVICE MANUFACTURING LLC.,(HOSPITAL); (MANUFACTURER); (IMPORTER)
1134277,Mandatory problem report,Déclaration d'incident obligatoire,2025-01-23,Canada,Canada,POTENTIAL FOR DEATH/INJURY,POTENTIEL DE MORT / DE BLESSURES,2024-12-26,30.0,2024-12-26,SPACE INFUSION SYSTEM - INFUSOMAT SPACE VOLUMETRIC INFUSION PUMP,80FRN,3,GENERAL HOSPITAL,HOSPITAL / HÔPITAL; B. BRAUN MELSUNGEN AG; B. BRAUN US DEVICE MANUFACTURING LLC.,(HOSPITAL); (MANUFACTURER); (IMPORTER)
1134284,Mandatory problem report,Déclaration d'incident obligatoire,2025-01-23,Canada,Canada,POTENTIAL FOR DEATH/INJURY,POTENTIEL DE MORT / DE BLESSURES,2024-12-30,30.0,2024-12-30,SPACE INFUSION SYSTEM - INFUSOMAT SPACE VOLUMETRIC INFUSION PUMP,80FRN,3,GENERAL HOSPITAL,HOSPITAL / HÔPITAL; B. BRAUN MELSUNGEN AG,(HOSPITAL); (MANUFACTURER)
1134524,Mandatory problem report,Déclaration d'incident obligatoire,2025-01-23,Canada,Canada,POTENTIAL FOR DEATH/INJURY,POTENTIEL DE MORT / DE BLESSURES,2024-12-31,30.0,2024-12-31,SPACE INFUSION SYSTEM - INFUSOMAT SPACE VOLUMETRIC INFUSION PUMP,80FRN,3,GENERAL HOSPITAL,HOSPITAL / HÔPITAL; B. BRAUN MELSUNGEN AG,(HOSPITAL); (MANUFACTURER)
1134531,Mandatory problem report,Déclaration d'incident obligatoire,2025-01-23,Canada,Canada,POTENTIAL FOR DEATH/INJURY,POTENTIEL DE MORT / DE BLESSURES,2025-01-07,30.0,2025-01-07,INFUSOMAT SPACE PUMP IV SET,80FPA,2,GENERAL HOSPITAL,HOSPITAL / HÔPITAL; B. BRAUN MEDICAL INC.,(HOSPITAL); (MANUFACTURER)
1134545,Mandatory problem report,Déclaration d'incident obligatoire,2025-01-23,Canada,Canada,POTENTIAL FOR DEATH/INJURY,POTENTIEL DE MORT / DE BLESSURES,2025-01-16,30.0,2025-01-16,INFUSOMAT SPACE PUMP IV SET,80FPA,2,GENERAL HOSPITAL,HOSPITAL / HÔPITAL; B. BRAUN MEDICAL INC.,(HOSPITAL); (MANUFACTURER)
1134549,Mandatory problem report,Déclaration d'incident obligatoire,2025-01-23,Canada,Canada,POTENTIAL FOR DEATH/INJURY,POTENTIEL DE MORT / DE BLESSURES,2025-01-09,30.0,2025-01-08,SPACE INFUSION SYSTEM - INFUSOMAT SPACE VOLUMETRIC INFUSION PUMP,80FRN,3,GENERAL HOSPITAL,HOSPITAL / HÔPITAL; B. BRAUN MELSUNGEN AG,(HOSPITAL); (MANUFACTURER)
1134561,Mandatory problem report,Déclaration d'incident obligatoire,2025-01-23,Canada,Canada,POTENTIAL FOR DEATH/INJURY,POTENTIEL DE MORT / DE BLESSURES,2025-01-09,30.0,2025-01-09,INFUSOMAT SPACE PUMP IV SET,80FPA,2,GENERAL HOSPITAL,HOSPITAL / HÔPITAL; B. BRAUN MEDICAL INC.,(HOSPITAL); (MANUFACTURER)
1134586,Mandatory problem report,Déclaration d'incident obligatoire,2025-01-23,Canada,Canada,POTENTIAL FOR DEATH/INJURY,POTENTIEL DE MORT / DE BLESSURES,2025-01-05,30.0,2025-01-04,INFUSOMAT SPACE PUMP IV SET,80FPA,2,GENERAL HOSPITAL,HOSPITAL / HÔPITAL; B. BRAUN MEDICAL INC.,(HOSPITAL); (MANUFACTURER)
1134594,Mandatory problem report,Déclaration d'incident obligatoire,2025-01-23,Canada,Canada,POTENTIAL FOR DEATH/INJURY,POTENTIEL DE MORT / DE BLESSURES,2025-01-05,30.0,2025-01-05,SPACE INFUSION SYSTEM - INFUSOMAT SPACE VOLUMETRIC INFUSION PUMP,80FRN,3,GENERAL HOSPITAL,HOSPITAL / HÔPITAL; B. BRAUN MELSUNGEN AG,(HOSPITAL); (MANUFACTURER)
1134601,Mandatory problem report,Déclaration d'incident obligatoire,2025-01-23,Canada,Canada,POTENTIAL FOR DEATH/INJURY,POTENTIEL DE MORT / DE BLESSURES,2025-01-09,30.0,2025-01-08,SPACE INFUSION SYSTEM - INFUSOMAT SPACE VOLUMETRIC INFUSION PUMP,80FRN,3,GENERAL HOSPITAL,HOSPITAL / HÔPITAL; B. BRAUN MELSUNGEN AG,(HOSPITAL); (MANUFACTURER)
1134611,Mandatory problem report,Déclaration d'incident obligatoire,2025-01-23,Canada,Canada,POTENTIAL FOR DEATH/INJURY,POTENTIEL DE MORT / DE BLESSURES,2025-01-08,30.0,2025-01-07,SPACE INFUSION SYSTEM - INFUSOMAT SPACE VOLUMETRIC INFUSION PUMP,80FRN,3,GENERAL HOSPITAL,HOSPITAL / HÔPITAL; B. BRAUN MELSUNGEN AG,(HOSPITAL); (MANUFACTURER)
1134630,Mandatory problem report,Déclaration d'incident obligatoire,2025-01-23,Canada,Canada,POTENTIAL FOR DEATH/INJURY,POTENTIEL DE MORT / DE BLESSURES,2025-01-10,30.0,2025-01-10,SPACE INFUSION SYSTEM - INFUSOMAT SPACE VOLUMETRIC INFUSION PUMP,80FRN,3,GENERAL HOSPITAL,HOSPITAL / HÔPITAL; B. BRAUN MELSUNGEN AG,(HOSPITAL); (MANUFACTURER)
1134675,Mandatory problem report,Déclaration d'incident obligatoire,2025-01-23,Canada,Canada,POTENTIAL FOR DEATH/INJURY,POTENTIEL DE MORT / DE BLESSURES,2025-01-06,30.0,2025-01-06,SPACE INFUSION SYSTEM - INFUSOMAT SPACE VOLUMETRIC INFUSION PUMP,80FRN,3,GENERAL HOSPITAL,HOSPITAL / HÔPITAL; B. BRAUN MELSUNGEN AG,(HOSPITAL); (MANUFACTURER)
1134744,Mandatory problem report,Déclaration d'incident obligatoire,2025-01-23,Canada,Canada,POTENTIAL FOR DEATH/INJURY,POTENTIEL DE MORT / DE BLESSURES,2025-01-04,30.0,2025-01-04,SPACE INFUSION SYSTEM - INFUSOMAT SPACE VOLUMETRIC INFUSION PUMP,80FRN,3,GENERAL HOSPITAL,HOSPITAL / HÔPITAL; B. BRAUN MELSUNGEN AG,(HOSPITAL); (MANUFACTURER)
1134761,Mandatory problem report,Déclaration d'incident obligatoire,2025-01-23,Canada,Canada,POTENTIAL FOR DEATH/INJURY,POTENTIEL DE MORT / DE BLESSURES,2025-01-13,30.0,2025-01-13,INFUSOMAT SPACE PUMP IV SET,80FPA,2,GENERAL HOSPITAL,HOSPITAL / HÔPITAL; B. BRAUN MEDICAL INC.,(HOSPITAL); (MANUFACTURER)
1135123,Mandatory problem report,Déclaration d'incident obligatoire,2025-01-31,Canada,Canada,POTENTIAL FOR DEATH/INJURY,POTENTIEL DE MORT / DE BLESSURES,2025-01-15,30.0,2025-01-15,UNKNOWN B BRAUN INFUSION PUMP,80FRN,0,UNDEFINED,HOSPITAL / HÔPITAL; B. BRAUN,(HOSPITAL); (MANUFACTURER)
1135137,Mandatory problem report,Déclaration d'incident obligatoire,2025-01-31,Canada,Canada,POTENTIAL FOR DEATH/INJURY,POTENTIEL DE MORT / DE BLESSURES,2025-01-07,30.0,2025-01-02,INFUSOMAT SPACE PUMP IV SET WITH ANTI-SIPHON VALVE,80FPA,2,GENERAL HOSPITAL,HOSPITAL / HÔPITAL; B. BRAUN MEDICAL INC.,(HOSPITAL); (MANUFACTURER)
1135151,Mandatory problem report,Déclaration d'incident obligatoire,2025-01-31,Canada,Canada,POTENTIAL FOR DEATH/INJURY,POTENTIEL DE MORT / DE BLESSURES,2025-01-13,30.0,2025-01-12,UNKNOWN B BRAUN INFUSION PUMP,80FRN,0,UNDEFINED,HOSPITAL / HÔPITAL; B. BRAUN MELSUNGEN AG,(HOSPITAL); (MANUFACTURER)
1135230,Mandatory problem report,Déclaration d'incident obligatoire,2025-01-31,Canada,Canada,POTENTIAL FOR DEATH/INJURY,POTENTIEL DE MORT / DE BLESSURES,2025-01-08,30.0,2025-01-07,UNKNOWN B BRAUN INFUSION PUMP,80FRN,0,UNDEFINED,HOSPITAL / HÔPITAL; B. BRAUN MELSUNGEN AG,(HOSPITAL); (MANUFACTURER)
1135253,Mandatory problem report,Déclaration d'incident obligatoire,2025-01-31,Canada,Canada,POTENTIAL FOR DEATH/INJURY,POTENTIEL DE MORT / DE BLESSURES,2025-01-07,30.0,2025-01-05,UNKNOWN B BRAUN INFUSION PUMP,80FRN,0,UNDEFINED,HOSPITAL / HÔPITAL,(HOSPITAL)
1135260,Mandatory problem report,Déclaration d'incident obligatoire,2025-01-31,Canada,Canada,POTENTIAL FOR DEATH/INJURY,POTENTIEL DE MORT / DE BLESSURES,2025-01-02,30.0,2025-01-02,SPACE INFUSION SYSTEM - INFUSOMAT SPACE VOLUMETRIC INFUSION PUMP,80FRN,3,GENERAL HOSPITAL,HOSPITAL / HÔPITAL,(HOSPITAL)
1135406,Mandatory problem report,Déclaration d'incident obligatoire,2025-01-31,Canada,Canada,POTENTIAL FOR DEATH/INJURY,POTENTIEL DE MORT / DE BLESSURES,2024-10-30,30.0,2024-10-30,UNKNOWN B BRAUN INFUSION PUMP,80FRN,0,UNDEFINED,HOSPITAL / HÔPITAL,(HOSPITAL)
1135563,Mandatory problem report,Déclaration d'incident obligatoire,2024-12-31,Canada,Canada,POTENTIAL FOR DEATH/INJURY,POTENTIEL DE MORT / DE BLESSURES,2024-10-30,30.0,2024-10-30,UNKNOWN B BRAUN INFUSION PUMP; UNKNOWN B BRAUN IV TUBING,80FRN; 80FPA,0,UNDEFINED,HOSPITAL / HÔPITAL,(HOSPITAL)
1135566,Mandatory problem report,Déclaration d'incident obligatoire,2024-12-31,Canada,Canada,POTENTIAL FOR DEATH/INJURY,POTENTIEL DE MORT / DE BLESSURES,2024-10-30,30.0,2024-10-30,SPACE INFUSION SYSTEM - INFUSOMAT SPACE VOLUMETRIC INFUSION PUMP,80FRN,3,GENERAL HOSPITAL,HOSPITAL / HÔPITAL,(HOSPITAL)
1136262,Mandatory problem report,Déclaration d'incident obligatoire,2025-02-10,Canada,Canada,POTENTIAL FOR DEATH/INJURY,POTENTIEL DE MORT / DE BLESSURES,2025-01-28,30.0,2025-01-28,SPACE INFUSION SYSTEM - INFUSOMAT SPACE VOLUMETRIC INFUSION PUMP,80FRN,3,GENERAL HOSPITAL,HOSPITAL / HÔPITAL; B. BRAUN MELSUNGEN AG,(HOSPITAL); (MANUFACTURER)
1136267,Mandatory problem report,Déclaration d'incident obligatoire,2025-02-10,Canada,Canada,POTENTIAL FOR DEATH/INJURY,POTENTIEL DE MORT / DE BLESSURES,2025-01-26,30.0,2025-01-26,SPACE INFUSION SYSTEM - INFUSOMAT SPACE VOLUMETRIC INFUSION PUMP,80FRN,3,GENERAL HOSPITAL,HOSPITAL / HÔPITAL; B. BRAUN MELSUNGEN AG,(HOSPITAL); (MANUFACTURER)
1136279,Mandatory problem report,Déclaration d'incident obligatoire,2025-02-10,Canada,Canada,POTENTIAL FOR DEATH/INJURY,POTENTIEL DE MORT / DE BLESSURES,2025-01-18,30.0,2025-01-18,SPACE INFUSION SYSTEM - INFUSOMAT SPACE VOLUMETRIC INFUSION PUMP,80FRN,3,GENERAL HOSPITAL,HOSPITAL / HÔPITAL; B. BRAUN MELSUNGEN AG,(HOSPITAL); (MANUFACTURER)
1136286,Mandatory problem report,Déclaration d'incident obligatoire,2025-02-10,Canada,Canada,POTENTIAL FOR DEATH/INJURY,POTENTIEL DE MORT / DE BLESSURES,2025-01-19,30.0,2025-01-19,SPACE INFUSION SYSTEM - INFUSOMAT SPACE VOLUMETRIC INFUSION PUMP,80FRN,3,GENERAL HOSPITAL,HOSPITAL / HÔPITAL; B. BRAUN MELSUNGEN AG,(HOSPITAL); (MANUFACTURER)
1136301,Mandatory problem report,Déclaration d'incident obligatoire,2025-02-10,Canada,Canada,POTENTIAL FOR DEATH/INJURY,POTENTIEL DE MORT / DE BLESSURES,2025-01-06,30.0,2025-01-06,INFUSOMAT SPACE PUMP IV SET,80FPA,2,GENERAL HOSPITAL,HOSPITAL / HÔPITAL; B. BRAUN MEDICAL INC.,(HOSPITAL); (MANUFACTURER)
1136310,Mandatory problem report,Déclaration d'incident obligatoire,2025-02-10,Canada,Canada,POTENTIAL FOR DEATH/INJURY,POTENTIEL DE MORT / DE BLESSURES,2025-01-26,30.0,2025-01-25,SPACE INFUSION SYSTEM - INFUSOMAT SPACE VOLUMETRIC INFUSION PUMP,80FRN,3,GENERAL HOSPITAL,HOSPITAL / HÔPITAL; B. BRAUN MELSUNGEN AG; B. BRAUN US DEVICE MANUFACTURING LLC.,(HOSPITAL); (MANUFACTURER); (IMPORTER)
1136354,Mandatory problem report,Déclaration d'incident obligatoire,2025-02-10,Canada,Canada,POTENTIAL FOR DEATH/INJURY,POTENTIEL DE MORT / DE BLESSURES,2025-01-31,30.0,2025-01-31,SPACE INFUSION SYSTEM - INFUSOMAT SPACE VOLUMETRIC INFUSION PUMP,80FRN,3,GENERAL HOSPITAL,HOSPITAL / HÔPITAL; B. BRAUN MELSUNGEN AG,(HOSPITAL); (MANUFACTURER)
1136357,Mandatory problem report,Déclaration d'incident obligatoire,2025-02-10,Canada,Canada,POTENTIAL FOR DEATH/INJURY,POTENTIEL DE MORT / DE BLESSURES,2025-01-24,30.0,2025-01-24,SPACE INFUSION SYSTEM - INFUSOMAT SPACE VOLUMETRIC INFUSION PUMP,80FRN,3,GENERAL HOSPITAL,HOSPITAL / HÔPITAL; B. BRAUN MELSUNGEN AG; B. BRAUN US DEVICE MANUFACTURING LLC.,(HOSPITAL); (MANUFACTURER); (IMPORTER)
1136360,Mandatory problem report,Déclaration d'incident obligatoire,2025-02-10,Canada,Canada,POTENTIAL FOR DEATH/INJURY,POTENTIEL DE MORT / DE BLESSURES,2025-01-28,30.0,2025-01-28,SPACE INFUSION SYSTEM - INFUSOMAT SPACE VOLUMETRIC INFUSION PUMP,80FRN,3,GENERAL HOSPITAL,HOSPITAL / HÔPITAL; B. BRAUN MELSUNGEN AG,(HOSPITAL); (MANUFACTURER)
1136381,Mandatory problem report,Déclaration d'incident obligatoire,2025-02-10,Canada,Canada,POTENTIAL FOR DEATH/INJURY,POTENTIEL DE MORT / DE BLESSURES,2025-01-02,30.0,2024-12-27,SPACE INFUSION SYSTEM - INFUSOMAT SPACE VOLUMETRIC INFUSION PUMP,80FRN,3,GENERAL HOSPITAL,HOSPITAL / HÔPITAL; B. BRAUN MELSUNGEN AG; B. BRAUN US DEVICE MANUFACTURING LLC.,(HOSPITAL); (MANUFACTURER); (IMPORTER)
1136395,Mandatory problem report,Déclaration d'incident obligatoire,2025-02-10,Canada,Canada,POTENTIAL FOR DEATH/INJURY,POTENTIEL DE MORT / DE BLESSURES,2025-01-07,30.0,2025-01-07,INFUSOMAT SPACE PUMP IV SET,80FPA,2,GENERAL HOSPITAL,HOSPITAL / HÔPITAL; B. BRAUN MEDICAL INC.; B. BRAUN US DEVICE MANUFACTURING LLC.,(HOSPITAL); (MANUFACTURER); (IMPORTER)
1136411,Mandatory problem report,Déclaration d'incident obligatoire,2025-02-10,Canada,Canada,POTENTIAL FOR DEATH/INJURY,POTENTIEL DE MORT / DE BLESSURES,2025-01-29,30.0,2025-01-29,INFUSOMAT SPACE PUMP IV SET,80FPA,2,GENERAL HOSPITAL,HOSPITAL / HÔPITAL; B. BRAUN MEDICAL INC.; B. BRAUN US DEVICE MANUFACTURING LLC.,(HOSPITAL); (MANUFACTURER); (IMPORTER)
1136492,Mandatory problem report,Déclaration d'incident obligatoire,2025-02-10,Canada,Canada,POTENTIAL FOR DEATH/INJURY,POTENTIEL DE MORT / DE BLESSURES,2025-01-28,30.0,2025-01-28,SPACE INFUSION SYSTEM - INFUSOMAT SPACE VOLUMETRIC INFUSION PUMP,80FRN,3,GENERAL HOSPITAL,HOSPITAL / HÔPITAL; B. BRAUN,(HOSPITAL); (MANUFACTURER)
1136495,Mandatory problem report,Déclaration d'incident obligatoire,2025-02-10,Canada,Canada,POTENTIAL FOR DEATH/INJURY,POTENTIEL DE MORT / DE BLESSURES,2025-01-30,30.0,2025-01-30,SPACE INFUSION SYSTEM - INFUSOMAT SPACE VOLUMETRIC INFUSION PUMP,80FRN,3,GENERAL HOSPITAL,HOSPITAL / HÔPITAL; B. BRAUN,(HOSPITAL); (MANUFACTURER)
1136520,Mandatory problem report,Déclaration d'incident obligatoire,2025-02-10,Canada,Canada,POTENTIAL FOR DEATH/INJURY,POTENTIEL DE MORT / DE BLESSURES,2025-01-29,30.0,2025-01-29,SPACE INFUSION SYSTEM - INFUSOMAT SPACE VOLUMETRIC INFUSION PUMP,80FRN,3,GENERAL HOSPITAL,HOSPITAL / HÔPITAL; B. BRAUN MELSUNGEN AG,(HOSPITAL); (MANUFACTURER)
1136523,Mandatory problem report,Déclaration d'incident obligatoire,2025-02-10,Canada,Canada,POTENTIAL FOR DEATH/INJURY,POTENTIEL DE MORT / DE BLESSURES,2025-01-21,30.0,2025-01-21,SPACE INFUSION SYSTEM - INFUSOMAT SPACE VOLUMETRIC INFUSION PUMP,80FRN,3,GENERAL HOSPITAL,HOSPITAL / HÔPITAL; B. BRAUN MELSUNGEN AG,(HOSPITAL); (MANUFACTURER)
1136540,Mandatory problem report,Déclaration d'incident obligatoire,2025-02-10,Canada,Canada,POTENTIAL FOR DEATH/INJURY,POTENTIEL DE MORT / DE BLESSURES,2025-01-24,30.0,2025-01-24,SPACE INFUSION SYSTEM - INFUSOMAT SPACE VOLUMETRIC INFUSION PUMP,80FRN,3,GENERAL HOSPITAL,HOSPITAL / HÔPITAL; B. BRAUN MELSUNGEN AG,(HOSPITAL); (MANUFACTURER)
1136567,Mandatory problem report,Déclaration d'incident obligatoire,2025-02-10,Canada,Canada,POTENTIAL FOR DEATH/INJURY,POTENTIEL DE MORT / DE BLESSURES,2025-01-30,30.0,2025-01-30,INFUSOMAT SPACE PUMP IV SET,80FPA,2,GENERAL HOSPITAL,HOSPITAL / HÔPITAL; B. BRAUN MEDICAL INC.,(HOSPITAL); (MANUFACTURER)
1136578,Mandatory problem report,Déclaration d'incident obligatoire,2025-02-10,Canada,Canada,POTENTIAL FOR DEATH/INJURY,POTENTIEL DE MORT / DE BLESSURES,2025-01-30,30.0,2025-01-30,INFUSOMAT SPACE PUMP IV SET,80FPA,2,GENERAL HOSPITAL,HOSPITAL / HÔPITAL; B. BRAUN MEDICAL INC.,(HOSPITAL); (MANUFACTURER)
1136594,Mandatory problem report,Déclaration d'incident obligatoire,2025-02-10,Canada,Canada,POTENTIAL FOR DEATH/INJURY,POTENTIEL DE MORT / DE BLESSURES,2025-01-24,30.0,2025-01-24,SPACE INFUSION SYSTEM - INFUSOMAT SPACE VOLUMETRIC INFUSION PUMP,80FRN,3,GENERAL HOSPITAL,HOSPITAL / HÔPITAL; B. BRAUN MELSUNGEN AG,(HOSPITAL); (MANUFACTURER)
1136604,Mandatory problem report,Déclaration d'incident obligatoire,2025-02-10,Canada,Canada,POTENTIAL FOR DEATH/INJURY,POTENTIEL DE MORT / DE BLESSURES,2025-01-20,30.0,2025-01-20,INFUSOMAT SPACE PUMP IV SET,80FPA,2,GENERAL HOSPITAL,HOSPITAL / HÔPITAL; B. BRAUN MEDICAL INC.,(HOSPITAL); (MANUFACTURER)
1136613,Mandatory problem report,Déclaration d'incident obligatoire,2025-02-10,Canada,Canada,POTENTIAL FOR DEATH/INJURY,POTENTIEL DE MORT / DE BLESSURES,2025-01-08,30.0,2025-01-08,SPACE INFUSION SYSTEM - INFUSOMAT SPACE VOLUMETRIC INFUSION PUMP,80FRN,3,GENERAL HOSPITAL,HOSPITAL / HÔPITAL; B. BRAUN MELSUNGEN AG,(HOSPITAL); (MANUFACTURER)
1136637,Mandatory problem report,Déclaration d'incident obligatoire,2025-02-10,Canada,Canada,POTENTIAL FOR DEATH/INJURY,POTENTIEL DE MORT / DE BLESSURES,2025-01-28,30.0,2025-01-27,SPACE INFUSION SYSTEM - INFUSOMAT SPACE VOLUMETRIC INFUSION PUMP,80FRN,3,GENERAL HOSPITAL,HOSPITAL / HÔPITAL; B. BRAUN MELSUNGEN AG,(HOSPITAL); (MANUFACTURER)
1136638,Mandatory problem report,Déclaration d'incident obligatoire,2025-02-10,Canada,Canada,POTENTIAL FOR DEATH/INJURY,POTENTIEL DE MORT / DE BLESSURES,2025-01-01,30.0,2025-01-01,SPACE INFUSION SYSTEM - INFUSOMAT SPACE VOLUMETRIC INFUSION PUMP,80FRN,3,GENERAL HOSPITAL,HOSPITAL / HÔPITAL; B. BRAUN,(HOSPITAL); (MANUFACTURER)
1136643,Mandatory problem report,Déclaration d'incident obligatoire,2025-02-10,Canada,Canada,POTENTIAL FOR DEATH/INJURY,POTENTIEL DE MORT / DE BLESSURES,2025-01-27,30.0,2025-01-26,INFUSOMAT SPACE PUMP IV SET,80FPA,2,GENERAL HOSPITAL,HOSPITAL / HÔPITAL; B. BRAUN MEDICAL INC.,(HOSPITAL); (MANUFACTURER)
1136652,Mandatory problem report,Déclaration d'incident obligatoire,2025-02-10,Canada,Canada,POTENTIAL FOR DEATH/INJURY,POTENTIEL DE MORT / DE BLESSURES,2025-01-15,30.0,2025-01-15,SPACE INFUSION SYSTEM - INFUSOMAT SPACE VOLUMETRIC INFUSION PUMP,80FRN,3,GENERAL HOSPITAL,HOSPITAL / HÔPITAL; B. BRAUN MELSUNGEN AG,(HOSPITAL); (MANUFACTURER)
1137472,Mandatory problem report,Déclaration d'incident obligatoire,2025-02-14,Canada,Canada,POTENTIAL FOR DEATH/INJURY,POTENTIEL DE MORT / DE BLESSURES,2025-01-19,30.0,2025-01-19,UNKNOWN B BRAUN INFUSION PUMP,80FRN,0,UNDEFINED,HOSPITAL / HÔPITAL; B. BRAUN MELSUNGEN AG,(HOSPITAL); (MANUFACTURER)
1137520,Mandatory problem report,Déclaration d'incident obligatoire,2025-02-14,Canada,Canada,POTENTIAL FOR DEATH/INJURY,POTENTIEL DE MORT / DE BLESSURES,2025-01-17,30.0,2025-01-17,INFUSOMAT SPACE PUMP IV SET WITH ANTI-SIPHON VALVE; UNKNOWN INFUSION PUMPS,80FPA; 99ZZZ,2; 0,GENERAL HOSPITAL; UNDEFINED,HOSPITAL / HÔPITAL,(HOSPITAL)
1137538,Mandatory problem report,Déclaration d'incident obligatoire,2025-02-18,Canada,Canada,DEATH,MORT,2025-02-18,30.0,2025-02-18,INFUSOMAT SPACE PUMP IV SET,80FPA,2,GENERAL HOSPITAL,HOSPITAL / HÔPITAL; B. BRAUN MEDICAL INC.,(HOSPITAL); (MANUFACTURER)
1137569,Mandatory problem report,Déclaration d'incident obligatoire,2025-02-18,Canada,Canada,POTENTIAL FOR DEATH/INJURY,POTENTIEL DE MORT / DE BLESSURES,2025-02-08,30.0,2025-02-08,INFUSOMAT SPACE PUMP IV SET,80FPA,2,GENERAL HOSPITAL,HOSPITAL / HÔPITAL; B. BRAUN MEDICAL INC.,(HOSPITAL); (MANUFACTURER)
1137573,Mandatory problem report,Déclaration d'incident obligatoire,2025-02-14,Canada,Canada,POTENTIAL FOR DEATH/INJURY,POTENTIEL DE MORT / DE BLESSURES,2025-01-17,30.0,2025-01-17,UNKNOWN B BRAUN INFUSION PUMP,80FRN,0,UNDEFINED,HOSPITAL / HÔPITAL,(HOSPITAL)
1137614,Mandatory problem report,Déclaration d'incident obligatoire,2025-02-14,Canada,Canada,POTENTIAL FOR DEATH/INJURY,POTENTIEL DE MORT / DE BLESSURES,2025-01-26,30.0,2025-01-26,INFUSOMAT SPACE PUMP IV SET WITH ANTI-SIPHON VALVE,80FPA,2,GENERAL HOSPITAL,HOSPITAL / HÔPITAL; B. BRAUN,(HOSPITAL); (MANUFACTURER)
1137619,Mandatory problem report,Déclaration d'incident obligatoire,2025-02-14,Canada,Canada,POTENTIAL FOR DEATH/INJURY,POTENTIEL DE MORT / DE BLESSURES,2025-01-25,30.0,2025-01-25,UNKNOWN B BRAUN INFUSION PUMP,80FRN,0,UNDEFINED,HOSPITAL / HÔPITAL; B. BRAUN,(HOSPITAL); (MANUFACTURER)
1137637,Mandatory problem report,Déclaration d'incident obligatoire,2025-02-18,Canada,Canada,POTENTIAL FOR DEATH/INJURY,POTENTIEL DE MORT / DE BLESSURES,2025-02-13,30.0,2025-02-13,SPACE INFUSION SYSTEM - INFUSOMAT SPACE VOLUMETRIC INFUSION PUMP,80FRN,3,GENERAL HOSPITAL,HOSPITAL / HÔPITAL; B. BRAUN MELSUNGEN AG; B. BRAUN US DEVICE MANUFACTURING LLC.,(HOSPITAL); (MANUFACTURER); (IMPORTER)
1137697,Mandatory problem report,Déclaration d'incident obligatoire,2025-02-18,Canada,Canada,POTENTIAL FOR DEATH/INJURY,POTENTIEL DE MORT / DE BLESSURES,2025-02-16,30.0,2025-02-15,INFUSOMAT SPACE PUMP IV SET; SPACE INFUSION SYSTEM - INFUSOMAT SPACE VOLUMETRIC INFUSION PUMP,80FPA; 80FRN,2; 3,GENERAL HOSPITAL,HOSPITAL / HÔPITAL; B. BRAUN MELSUNGEN AG; B. BRAUN MEDICAL INC.; B. BRAUN US DEVICE MANUFACTURING LLC.,(HOSPITAL); (MANUFACTURER); (IMPORTER)
1139829,Mandatory problem report,Déclaration d'incident obligatoire,2025-03-03,Canada,Canada,POTENTIAL FOR DEATH/INJURY,POTENTIEL DE MORT / DE BLESSURES,2025-02-21,30.0,2025-02-21,INFUSOMAT SPACE PUMP IV SET,80FPA,2,GENERAL HOSPITAL,HOSPITAL / HÔPITAL; B. BRAUN MEDICAL INC.; B. BRAUN US DEVICE MANUFACTURING LLC.,(HOSPITAL); (MANUFACTURER); (IMPORTER)
1139851,Mandatory problem report,Déclaration d'incident obligatoire,2025-03-03,Canada,Canada,POTENTIAL FOR DEATH/INJURY,POTENTIEL DE MORT / DE BLESSURES,2025-02-24,30.0,2025-02-24,SPACE INFUSION SYSTEM - INFUSOMAT SPACE VOLUMETRIC INFUSION PUMP,80FRN,3,GENERAL HOSPITAL,HOSPITAL / HÔPITAL; B. BRAUN MELSUNGEN AG; B. BRAUN US DEVICE MANUFACTURING LLC.,(HOSPITAL); (MANUFACTURER); (IMPORTER)
1139855,Mandatory problem report,Déclaration d'incident obligatoire,2025-03-03,Canada,Canada,POTENTIAL FOR DEATH/INJURY,POTENTIEL DE MORT / DE BLESSURES,2025-02-12,30.0,2025-02-12,INFUSOMAT SPACE PUMP Y-TYPE BLOOD IV SET WITH ANTI-SIPHON VALVE,80FPA,2,GENERAL HOSPITAL,HOSPITAL / HÔPITAL; B. BRAUN MEDICAL INC.,(HOSPITAL); (MANUFACTURER)
1139927,Mandatory problem report,Déclaration d'incident obligatoire,2025-03-03,Canada,Canada,POTENTIAL FOR DEATH/INJURY,POTENTIEL DE MORT / DE BLESSURES,2025-02-27,30.0,2025-02-27,SPACE INFUSION SYSTEM - INFUSOMAT SPACE VOLUMETRIC INFUSION PUMP,80FRN,3,GENERAL HOSPITAL,HOSPITAL / HÔPITAL; B. BRAUN MELSUNGEN AG,(HOSPITAL); (MANUFACTURER)
1139944,Mandatory problem report,Déclaration d'incident obligatoire,2025-03-03,Canada,Canada,POTENTIAL FOR DEATH/INJURY,POTENTIEL DE MORT / DE BLESSURES,2025-03-01,30.0,2025-03-01,SPACE INFUSION SYSTEM - INFUSOMAT SPACE VOLUMETRIC INFUSION PUMP,80FRN,3,GENERAL HOSPITAL,HOSPITAL / HÔPITAL; B. BRAUN MELSUNGEN AG,(HOSPITAL); (MANUFACTURER)
1140128,Mandatory problem report,Déclaration d'incident obligatoire,2025-03-03,Canada,Canada,POTENTIAL FOR DEATH/INJURY,POTENTIEL DE MORT / DE BLESSURES,2025-02-13,30.0,2025-02-13,INFUSOMAT SPACE PUMP IV SET; UNKNOWN INFUSION PUMPS,80FPA; 99ZZZ,2; 0,GENERAL HOSPITAL; UNDEFINED,HOSPITAL / HÔPITAL,(HOSPITAL)
1140142,Mandatory problem report,Déclaration d'incident obligatoire,2025-03-03,Canada,Canada,POTENTIAL FOR DEATH/INJURY,POTENTIEL DE MORT / DE BLESSURES,2025-02-12,30.0,2025-02-10,INFUSOMAT SPACE PUMP IV SET WITH ANTI-SIPHON VALVE,80FPA,2,GENERAL HOSPITAL,HOSPITAL / HÔPITAL,(HOSPITAL)
1140144,Mandatory problem report,Déclaration d'incident obligatoire,2025-03-03,Canada,Canada,POTENTIAL FOR DEATH/INJURY,POTENTIEL DE MORT / DE BLESSURES,2025-02-04,30.0,2025-02-04,UNKNOWN B BRAUN INFUSION PUMP,80FRN,0,UNDEFINED,HOSPITAL / HÔPITAL; B. BRAUN MELSUNGEN AG,(HOSPITAL); (MANUFACTURER)
1140158,Mandatory problem report,Déclaration d'incident obligatoire,2025-03-03,Canada,Canada,POTENTIAL FOR DEATH/INJURY,POTENTIEL DE MORT / DE BLESSURES,2025-02-01,30.0,2025-02-01,SPACE INFUSION SYSTEM - INFUSOMAT SPACE VOLUMETRIC INFUSION PUMP,80FRN,3,GENERAL HOSPITAL,HOSPITAL / HÔPITAL; B. BRAUN MELSUNGEN AG; B. BRAUN US DEVICE MANUFACTURING LLC.,(HOSPITAL); (MANUFACTURER); (IMPORTER)
1140251,Mandatory problem report,Déclaration d'incident obligatoire,2025-03-03,Canada,Canada,POTENTIAL FOR DEATH/INJURY,POTENTIEL DE MORT / DE BLESSURES,2025-02-11,30.0,2025-02-10,INFUSOMAT SPACE PUMP IV SET,80FPA,2,GENERAL HOSPITAL,HOSPITAL / HÔPITAL,(HOSPITAL)
1142229,Mandatory problem report,Déclaration d'incident obligatoire,2025-03-17,Canada,Canada,POTENTIAL FOR DEATH/INJURY,POTENTIEL DE MORT / DE BLESSURES,2025-02-17,30.0,2025-02-17,INFUSOMAT SPACE PUMP IV SET; UNKNOWN B BRAUN INFUSION PUMP,80FPA; 80FRN,2; 0,GENERAL HOSPITAL; UNDEFINED,HOSPITAL / HÔPITAL; B. BRAUN MEDICAL INC.; B. BRAUN US DEVICE MANUFACTURING LLC.,(HOSPITAL); (MANUFACTURER); (IMPORTER)
1142300,Mandatory problem report,Déclaration d'incident obligatoire,2025-03-17,Canada,Canada,POTENTIAL FOR DEATH/INJURY,POTENTIEL DE MORT / DE BLESSURES,2025-02-20,30.0,2025-02-20,SPACE INFUSION SYSTEM - INFUSOMAT SPACE VOLUMETRIC INFUSION PUMP,80FRN,3,GENERAL HOSPITAL,HOSPITAL / HÔPITAL; B. BRAUN MELSUNGEN AG,(HOSPITAL); (MANUFACTURER)
1144220,Mandatory problem report,Déclaration d'incident obligatoire,2025-03-31,Canada,Canada,POTENTIAL FOR DEATH/INJURY,POTENTIEL DE MORT / DE BLESSURES,2025-03-09,30.0,2025-03-09,SPACE INFUSION SYSTEM - INFUSOMAT SPACE VOLUMETRIC INFUSION PUMP,80FRN,3,GENERAL HOSPITAL,HOSPITAL / HÔPITAL; B. BRAUN MELSUNGEN AG,(HOSPITAL); (MANUFACTURER)
1144223,Mandatory problem report,Déclaration d'incident obligatoire,2025-03-31,Canada,Canada,POTENTIAL FOR DEATH/INJURY,POTENTIEL DE MORT / DE BLESSURES,2025-03-05,30.0,2025-03-04,INFUSOMAT SPACE PUMP IV SET; SPACE INFUSION SYSTEM - INFUSOMAT SPACE VOLUMETRIC INFUSION PUMP,80FPA; 80FRN,2; 3,GENERAL HOSPITAL,HOSPITAL / HÔPITAL,(HOSPITAL)
1144229,Mandatory problem report,Déclaration d'incident obligatoire,2025-03-31,Canada,Canada,POTENTIAL FOR DEATH/INJURY,POTENTIEL DE MORT / DE BLESSURES,2025-03-26,30.0,2025-03-26,SPACE INFUSION SYSTEM - INFUSOMAT SPACE VOLUMETRIC INFUSION PUMP,80FRN,3,GENERAL HOSPITAL,HOSPITAL / HÔPITAL; B. BRAUN MELSUNGEN AG,(HOSPITAL); (MANUFACTURER)
1144234,Mandatory problem report,Déclaration d'incident obligatoire,2025-03-31,Canada,Canada,POTENTIAL FOR DEATH/INJURY,POTENTIEL DE MORT / DE BLESSURES,2025-03-09,30.0,2025-03-09,SPACE INFUSION SYSTEM - INFUSOMAT SPACE VOLUMETRIC INFUSION PUMP,80FRN,3,GENERAL HOSPITAL,HOSPITAL / HÔPITAL; B. BRAUN MELSUNGEN AG,(HOSPITAL); (MANUFACTURER)
1144240,Mandatory problem report,Déclaration d'incident obligatoire,2025-03-31,Canada,Canada,POTENTIAL FOR DEATH/INJURY,POTENTIEL DE MORT / DE BLESSURES,2025-03-03,30.0,2025-03-03,INFUSOMAT SPACE PUMP IV SET; SPACE INFUSION SYSTEM - INFUSOMAT SPACE VOLUMETRIC INFUSION PUMP,80FPA; 80FRN,2; 3,GENERAL HOSPITAL,HOSPITAL / HÔPITAL; B. BRAUN MEDICAL INC.,(HOSPITAL); (MANUFACTURER)
1144242,Mandatory problem report,Déclaration d'incident obligatoire,2025-03-31,Canada,Canada,POTENTIAL FOR DEATH/INJURY,POTENTIEL DE MORT / DE BLESSURES,2025-03-09,30.0,2025-03-09,SPACE INFUSION SYSTEM - INFUSOMAT SPACE VOLUMETRIC INFUSION PUMP,80FRN,3,GENERAL HOSPITAL,HOSPITAL / HÔPITAL; B. BRAUN MELSUNGEN AG,(HOSPITAL); (MANUFACTURER)
1144245,Mandatory problem report,Déclaration d'incident obligatoire,2025-03-31,Canada,Canada,POTENTIAL FOR DEATH/INJURY,POTENTIEL DE MORT / DE BLESSURES,2025-03-09,30.0,2025-03-09,SPACE INFUSION SYSTEM - INFUSOMAT SPACE VOLUMETRIC INFUSION PUMP,80FRN,3,GENERAL HOSPITAL,HOSPITAL / HÔPITAL; B. BRAUN MELSUNGEN AG,(HOSPITAL); (MANUFACTURER)
1144251,Mandatory problem report,Déclaration d'incident obligatoire,2025-03-31,Canada,Canada,POTENTIAL FOR DEATH/INJURY,POTENTIEL DE MORT / DE BLESSURES,2025-03-09,30.0,2025-03-09,SPACE INFUSION SYSTEM - INFUSOMAT SPACE VOLUMETRIC INFUSION PUMP,80FRN,3,GENERAL HOSPITAL,HOSPITAL / HÔPITAL; B. BRAUN MELSUNGEN AG,(HOSPITAL); (MANUFACTURER)
1144253,Mandatory problem report,Déclaration d'incident obligatoire,2025-03-31,Canada,Canada,POTENTIAL FOR DEATH/INJURY,POTENTIEL DE MORT / DE BLESSURES,2025-03-09,30.0,2025-03-09,SPACE INFUSION SYSTEM - INFUSOMAT SPACE VOLUMETRIC INFUSION PUMP,80FRN,3,GENERAL HOSPITAL,HOSPITAL / HÔPITAL; B. BRAUN MELSUNGEN AG,(HOSPITAL); (MANUFACTURER)
1144257,Mandatory problem report,Déclaration d'incident obligatoire,2025-03-31,Canada,Canada,POTENTIAL FOR DEATH/INJURY,POTENTIEL DE MORT / DE BLESSURES,2025-03-26,30.0,2025-03-26,SPACE INFUSION SYSTEM - INFUSOMAT SPACE VOLUMETRIC INFUSION PUMP,80FRN,3,GENERAL HOSPITAL,HOSPITAL / HÔPITAL; B. BRAUN MELSUNGEN AG; B. BRAUN US DEVICE MANUFACTURING LLC.,(HOSPITAL); (MANUFACTURER); (IMPORTER)
1144261,Mandatory problem report,Déclaration d'incident obligatoire,2025-03-31,Canada,Canada,POTENTIAL FOR DEATH/INJURY,POTENTIEL DE MORT / DE BLESSURES,2025-03-11,30.0,2025-03-10,INFUSOMAT SPACE PUMP IV SET,80FPA,2,GENERAL HOSPITAL,HOSPITAL / HÔPITAL; B. BRAUN MEDICAL INC.,(HOSPITAL); (MANUFACTURER)
1144281,Mandatory problem report,Déclaration d'incident obligatoire,2025-03-31,Canada,Canada,POTENTIAL FOR DEATH/INJURY,POTENTIEL DE MORT / DE BLESSURES,2025-03-09,30.0,2025-03-09,SPACE INFUSION SYSTEM - INFUSOMAT SPACE VOLUMETRIC INFUSION PUMP,80FRN,3,GENERAL HOSPITAL,HOSPITAL / HÔPITAL; B. BRAUN MELSUNGEN AG,(HOSPITAL); (MANUFACTURER)
1144284,Mandatory problem report,Déclaration d'incident obligatoire,2025-03-31,Canada,Canada,POTENTIAL FOR DEATH/INJURY,POTENTIEL DE MORT / DE BLESSURES,2025-03-18,30.0,2025-03-18,INFUSOMAT SPACE PUMP IV SET; SPACE INFUSION SYSTEM - INFUSOMAT SPACE VOLUMETRIC INFUSION PUMP,80FPA; 80FRN,2; 3,GENERAL HOSPITAL,HOSPITAL / HÔPITAL; B. BRAUN MEDICAL INC.,(HOSPITAL); (MANUFACTURER)
1144300,Mandatory problem report,Déclaration d'incident obligatoire,2025-03-31,Canada,Canada,POTENTIAL FOR DEATH/INJURY,POTENTIEL DE MORT / DE BLESSURES,2025-03-19,30.0,2025-03-19,SPACE INFUSION SYSTEM - INFUSOMAT SPACE VOLUMETRIC INFUSION PUMP,80FRN,3,GENERAL HOSPITAL,HOSPITAL / HÔPITAL; B. BRAUN MELSUNGEN AG,(HOSPITAL); (MANUFACTURER)
1144342,Mandatory problem report,Déclaration d'incident obligatoire,2025-03-31,Canada,Canada,POTENTIAL FOR DEATH/INJURY,POTENTIEL DE MORT / DE BLESSURES,2025-03-18,30.0,2025-03-17,INFUSOMAT SPACE PUMP IV SET; SPACE INFUSION SYSTEM - INFUSOMAT SPACE VOLUMETRIC INFUSION PUMP,80FPA; 80FRN,2; 3,GENERAL HOSPITAL,HOSPITAL / HÔPITAL; B. BRAUN MELSUNGEN AG,(HOSPITAL); (MANUFACTURER)
1144605,Mandatory problem report,Déclaration d'incident obligatoire,2025-04-01,Canada,Canada,POTENTIAL FOR DEATH/INJURY,POTENTIEL DE MORT / DE BLESSURES,2025-03-07,30.0,2025-03-07,UNKNOWN B BRAUN INFUSION PUMP,80FRN,0,UNDEFINED,HOSPITAL / HÔPITAL,(HOSPITAL)
1144767,Mandatory problem report,Déclaration d'incident obligatoire,2025-04-04,Canada,Canada,POTENTIAL FOR DEATH/INJURY,POTENTIEL DE MORT / DE BLESSURES,2025-04-04,30.0,2025-03-25,SPACE INFUSION SYSTEM - INFUSOMAT SPACE VOLUMETRIC INFUSION PUMP,80FRN,3,GENERAL HOSPITAL,HOSPITAL / HÔPITAL; B. BRAUN MELSUNGEN AG; B. BRAUN US DEVICE MANUFACTURING LLC.,(HOSPITAL); (MANUFACTURER); (IMPORTER)
1144773,Mandatory problem report,Déclaration d'incident obligatoire,2025-04-04,Canada,Canada,POTENTIAL FOR DEATH/INJURY,POTENTIEL DE MORT / DE BLESSURES,2025-04-04,30.0,2025-03-25,INFUSOMAT SPACE PUMP IV SET,80FPA,2,GENERAL HOSPITAL,HOSPITAL / HÔPITAL; B. BRAUN MEDICAL INC.; B. BRAUN US DEVICE MANUFACTURING LLC.,(HOSPITAL); (MANUFACTURER); (IMPORTER)
1145010,Mandatory problem report,Déclaration d'incident obligatoire,2025-04-07,Canada,Canada,POTENTIAL FOR DEATH/INJURY,POTENTIEL DE MORT / DE BLESSURES,2025-03-09,30.0,2025-03-09,INFUSOMAT SPACE PUMP IV SET; SPACE INFUSION SYSTEM - INFUSOMAT SPACE VOLUMETRIC INFUSION PUMP,80FPA; 80FRN,2; 3,GENERAL HOSPITAL,HOSPITAL / HÔPITAL; B. BRAUN MELSUNGEN AG; B. BRAUN MEDICAL INC.; B. BRAUN US DEVICE MANUFACTURING LLC.,(HOSPITAL); (MANUFACTURER); (IMPORTER)
1145856,Mandatory problem report,Déclaration d'incident obligatoire,2025-04-15,Canada,Canada,POTENTIAL FOR DEATH/INJURY,POTENTIEL DE MORT / DE BLESSURES,2025-03-18,30.0,2025-03-17,INFUSOMAT SPACE PUMP IV SET,80FPA,2,GENERAL HOSPITAL,HOSPITAL / HÔPITAL; B. BRAUN MEDICAL INC.,(HOSPITAL); (MANUFACTURER)
1146110,Mandatory problem report,Déclaration d'incident obligatoire,2025-04-15,Canada,Canada,POTENTIAL FOR DEATH/INJURY,POTENTIEL DE MORT / DE BLESSURES,2025-03-31,30.0,2025-03-31,UNKNOWN B BRAUN INFUSION PUMP,80FRN,0,UNDEFINED,UNASSIGNED / NON ATTRIBUE; HOSPITAL / HÔPITAL,(MANUFACTURER); (HOSPITAL)
1147273,Mandatory problem report,Déclaration d'incident obligatoire,2025-04-25,Canada,Canada,POTENTIAL FOR DEATH/INJURY,POTENTIEL DE MORT / DE BLESSURES,2025-04-16,30.0,2025-04-16,INFUSOMAT SPACE PUMP IV SET; SPACE INFUSION SYSTEM - INFUSOMAT SPACE VOLUMETRIC INFUSION PUMP,80FPA; 80FRN,2; 3,GENERAL HOSPITAL,HOSPITAL / HÔPITAL; B. BRAUN MEDICAL INC.,(HOSPITAL); (MANUFACTURER)
1147347,Mandatory problem report,Déclaration d'incident obligatoire,2025-04-25,Canada,Canada,POTENTIAL FOR DEATH/INJURY,POTENTIEL DE MORT / DE BLESSURES,2025-04-20,30.0,2025-04-20,INFUSOMAT SPACE PUMP IV SET; SPACE INFUSION SYSTEM - INFUSOMAT SPACE VOLUMETRIC INFUSION PUMP,80FPA; 80FRN,2; 3,GENERAL HOSPITAL,HOSPITAL / HÔPITAL; B. BRAUN MELSUNGEN AG; B. BRAUN MEDICAL INC.; B. BRAUN US DEVICE MANUFACTURING LLC.,(HOSPITAL); (MANUFACTURER); (IMPORTER)
1147390,Voluntary problem report,Déclaration d'incident volontaire,2025-04-25,Canada,Canada,POTENTIAL FOR DEATH/INJURY,POTENTIEL DE MORT / DE BLESSURES,2025-04-17,,2025-04-17,SPACE INFUSION SYSTEM - INFUSOMAT SPACE VOLUMETRIC INFUSION PUMP,80FRN,3,GENERAL HOSPITAL,HOSPITAL / HÔPITAL; B. BRAUN MELSUNGEN AG,(HOSPITAL); (MANUFACTURER)
1147418,Mandatory problem report,Déclaration d'incident obligatoire,2025-04-25,Canada,Canada,POTENTIAL FOR DEATH/INJURY,POTENTIEL DE MORT / DE BLESSURES,2025-04-09,30.0,2025-04-06,INFUSOMAT SPACE PUMP IV SET; SPACE INFUSION SYSTEM - INFUSOMAT SPACE VOLUMETRIC INFUSION PUMP,80FPA; 80FRN,2; 3,GENERAL HOSPITAL,HOSPITAL / HÔPITAL; B. BRAUN MELSUNGEN AG; B. BRAUN MEDICAL INC.; B. BRAUN US DEVICE MANUFACTURING LLC.,(HOSPITAL); (MANUFACTURER); (IMPORTER)
1147439,Mandatory problem report,Déclaration d'incident obligatoire,2025-04-25,Canada,Canada,POTENTIAL FOR DEATH/INJURY,POTENTIEL DE MORT / DE BLESSURES,2025-04-12,30.0,2025-04-12,INFUSOMAT SPACE PUMP IV SET,80FPA,2,GENERAL HOSPITAL,HOSPITAL / HÔPITAL; B. BRAUN MEDICAL INC.; B. BRAUN US DEVICE MANUFACTURING LLC.,(HOSPITAL); (MANUFACTURER); (IMPORTER)
1147492,Mandatory problem report,Déclaration d'incident obligatoire,2025-04-25,Canada,Canada,POTENTIAL FOR DEATH/INJURY,POTENTIEL DE MORT / DE BLESSURES,2025-04-11,30.0,2025-04-10,INFUSOMAT SPACE PUMP IV SET; SPACE INFUSION SYSTEM - INFUSOMAT SPACE VOLUMETRIC INFUSION PUMP,80FPA; 80FRN,2; 3,GENERAL HOSPITAL,HOSPITAL / HÔPITAL; B. BRAUN MEDICAL INC.; B. BRAUN US DEVICE MANUFACTURING LLC.,(HOSPITAL); (MANUFACTURER); (IMPORTER)
