INCIDENT_ID,INCIDENT_TYPE_E,INCIDENT_TYPE_F,RECEIPT_DT,SOURCE_OF_RECALL_E,SOURCE_OF_RECALL_F,HAZARD_SEVERITY_CODE_E,HAZARD_SEVERITY_CODE_F,INC_AWARE_DT,MANDATORY_RPT,INCIDENT_DT,TRADE_NAME,PREF_NAME_CODE,RISK_CLASSIFICATION,USAGE_CODE_TERM_E,COMPANY_NAME,ROLE_E,INCIDENT_DT_parsed,RECEIPT_DT_parsed,INC_AWARE_DT_parsed
1137814,Voluntary problem report,Déclaration d'incident volontaire,2025-02-18,Canada,Canada,MINIMAL/NO ADVERSE HEALTH CONSEQUENCES,CONSEQUENCES MINIMALES / SANS EFFETS NEFASTES SUR LA SANTE,2025-10-02,30.0,2025-10-02,INFUSOMAT SPACE PUMP IV SET,80FPA,2,GENERAL HOSPITAL,HOSPITAL / HÔPITAL; B. BRAUN,(HOSPITAL); (MANUFACTURER),2025-10-02,2025-02-18,2025-10-02
1147494,Voluntary problem report,Déclaration d'incident volontaire,2025-04-25,Canada,Canada,MINIMAL/NO ADVERSE HEALTH CONSEQUENCES,CONSEQUENCES MINIMALES / SANS EFFETS NEFASTES SUR LA SANTE,2025-04-22,,2025-04-22,SPACE INFUSION SYSTEM - INFUSOMAT SPACE VOLUMETRIC INFUSION PUMP,80FRN,3,GENERAL HOSPITAL,HOSPITAL / HÔPITAL; B. BRAUN MELSUNGEN AG,(HOSPITAL); (MANUFACTURER),2025-04-22,2025-04-25,2025-04-22
1147347,Mandatory problem report,Déclaration d'incident obligatoire,2025-04-25,Canada,Canada,POTENTIAL FOR DEATH/INJURY,POTENTIEL DE MORT / DE BLESSURES,2025-04-20,30.0,2025-04-20,INFUSOMAT SPACE PUMP IV SET; SPACE INFUSION SYSTEM - INFUSOMAT SPACE VOLUMETRIC INFUSION PUMP,80FPA; 80FRN,2; 3,GENERAL HOSPITAL,HOSPITAL / HÔPITAL; B. BRAUN MELSUNGEN AG; B. BRAUN MEDICAL INC.; B. BRAUN US DEVICE MANUFACTURING LLC.,(HOSPITAL); (MANUFACTURER); (IMPORTER),2025-04-20,2025-04-25,2025-04-20
1147425,Voluntary problem report,Déclaration d'incident volontaire,2025-04-25,Canada,Canada,MINIMAL/NO ADVERSE HEALTH CONSEQUENCES,CONSEQUENCES MINIMALES / SANS EFFETS NEFASTES SUR LA SANTE,2025-04-20,,2025-04-20,SPACE INFUSION SYSTEM - INFUSOMAT SPACE VOLUMETRIC INFUSION PUMP,80FRN,3,GENERAL HOSPITAL,HOSPITAL / HÔPITAL; B. BRAUN MELSUNGEN AG,(HOSPITAL); (MANUFACTURER),2025-04-20,2025-04-25,2025-04-20
1147390,Voluntary problem report,Déclaration d'incident volontaire,2025-04-25,Canada,Canada,POTENTIAL FOR DEATH/INJURY,POTENTIEL DE MORT / DE BLESSURES,2025-04-17,,2025-04-17,SPACE INFUSION SYSTEM - INFUSOMAT SPACE VOLUMETRIC INFUSION PUMP,80FRN,3,GENERAL HOSPITAL,HOSPITAL / HÔPITAL; B. BRAUN MELSUNGEN AG,(HOSPITAL); (MANUFACTURER),2025-04-17,2025-04-25,2025-04-17
1147273,Mandatory problem report,Déclaration d'incident obligatoire,2025-04-25,Canada,Canada,POTENTIAL FOR DEATH/INJURY,POTENTIEL DE MORT / DE BLESSURES,2025-04-16,30.0,2025-04-16,INFUSOMAT SPACE PUMP IV SET; SPACE INFUSION SYSTEM - INFUSOMAT SPACE VOLUMETRIC INFUSION PUMP,80FPA; 80FRN,2; 3,GENERAL HOSPITAL,HOSPITAL / HÔPITAL; B. BRAUN MEDICAL INC.,(HOSPITAL); (MANUFACTURER),2025-04-16,2025-04-25,2025-04-16
1147438,Voluntary problem report,Déclaration d'incident volontaire,2025-04-25,Canada,Canada,MINIMAL/NO ADVERSE HEALTH CONSEQUENCES,CONSEQUENCES MINIMALES / SANS EFFETS NEFASTES SUR LA SANTE,2025-04-16,,2025-04-16,SPACE INFUSION SYSTEM - INFUSOMAT SPACE VOLUMETRIC INFUSION PUMP,80FRN,3,GENERAL HOSPITAL,HOSPITAL / HÔPITAL; B. BRAUN MELSUNGEN AG,(HOSPITAL); (MANUFACTURER),2025-04-16,2025-04-25,2025-04-16
1147470,Voluntary problem report,Déclaration d'incident volontaire,2025-04-25,Canada,Canada,MINIMAL/NO ADVERSE HEALTH CONSEQUENCES,CONSEQUENCES MINIMALES / SANS EFFETS NEFASTES SUR LA SANTE,2025-04-14,,2025-04-14,SPACE INFUSION SYSTEM - INFUSOMAT SPACE VOLUMETRIC INFUSION PUMP,80FRN,3,GENERAL HOSPITAL,HOSPITAL / HÔPITAL; B. BRAUN MELSUNGEN AG,(HOSPITAL); (MANUFACTURER),2025-04-14,2025-04-25,2025-04-14
1147439,Mandatory problem report,Déclaration d'incident obligatoire,2025-04-25,Canada,Canada,POTENTIAL FOR DEATH/INJURY,POTENTIEL DE MORT / DE BLESSURES,2025-04-12,30.0,2025-04-12,INFUSOMAT SPACE PUMP IV SET,80FPA,2,GENERAL HOSPITAL,HOSPITAL / HÔPITAL; B. BRAUN MEDICAL INC.; B. BRAUN US DEVICE MANUFACTURING LLC.,(HOSPITAL); (MANUFACTURER); (IMPORTER),2025-04-12,2025-04-25,2025-04-12
1147478,Voluntary problem report,Déclaration d'incident volontaire,2025-04-25,Canada,Canada,MINIMAL/NO ADVERSE HEALTH CONSEQUENCES,CONSEQUENCES MINIMALES / SANS EFFETS NEFASTES SUR LA SANTE,2025-04-11,,2025-04-11,SPACE INFUSION SYSTEM - INFUSOMAT SPACE VOLUMETRIC INFUSION PUMP,80FRN,3,GENERAL HOSPITAL,HOSPITAL / HÔPITAL; B. BRAUN MELSUNGEN AG,(HOSPITAL); (MANUFACTURER),2025-04-11,2025-04-25,2025-04-11
1147428,Voluntary problem report,Déclaration d'incident volontaire,2025-04-25,Canada,Canada,MINIMAL/NO ADVERSE HEALTH CONSEQUENCES,CONSEQUENCES MINIMALES / SANS EFFETS NEFASTES SUR LA SANTE,2025-04-10,,2025-04-10,INFUSOMAT SPACE PUMP IV SET; SPACE INFUSION SYSTEM - INFUSOMAT SPACE VOLUMETRIC INFUSION PUMP,80FPA; 80FRN,2; 3,GENERAL HOSPITAL,HOSPITAL / HÔPITAL; B. BRAUN MELSUNGEN AG,(HOSPITAL); (MANUFACTURER),2025-04-10,2025-04-25,2025-04-10
1147492,Mandatory problem report,Déclaration d'incident obligatoire,2025-04-25,Canada,Canada,POTENTIAL FOR DEATH/INJURY,POTENTIEL DE MORT / DE BLESSURES,2025-04-11,30.0,2025-04-10,INFUSOMAT SPACE PUMP IV SET; SPACE INFUSION SYSTEM - INFUSOMAT SPACE VOLUMETRIC INFUSION PUMP,80FPA; 80FRN,2; 3,GENERAL HOSPITAL,HOSPITAL / HÔPITAL; B. BRAUN MEDICAL INC.; B. BRAUN US DEVICE MANUFACTURING LLC.,(HOSPITAL); (MANUFACTURER); (IMPORTER),2025-04-10,2025-04-25,2025-04-11
1147403,Voluntary problem report,Déclaration d'incident volontaire,2025-04-25,Canada,Canada,MINIMAL/NO ADVERSE HEALTH CONSEQUENCES,CONSEQUENCES MINIMALES / SANS EFFETS NEFASTES SUR LA SANTE,2025-04-07,,2025-04-07,SPACE INFUSION SYSTEM - INFUSOMAT SPACE VOLUMETRIC INFUSION PUMP,80FRN,3,GENERAL HOSPITAL,HOSPITAL / HÔPITAL; B. BRAUN MELSUNGEN AG,(HOSPITAL); (MANUFACTURER),2025-04-07,2025-04-25,2025-04-07
1147418,Mandatory problem report,Déclaration d'incident obligatoire,2025-04-25,Canada,Canada,POTENTIAL FOR DEATH/INJURY,POTENTIEL DE MORT / DE BLESSURES,2025-04-09,30.0,2025-04-06,INFUSOMAT SPACE PUMP IV SET; SPACE INFUSION SYSTEM - INFUSOMAT SPACE VOLUMETRIC INFUSION PUMP,80FPA; 80FRN,2; 3,GENERAL HOSPITAL,HOSPITAL / HÔPITAL; B. BRAUN MELSUNGEN AG; B. BRAUN MEDICAL INC.; B. BRAUN US DEVICE MANUFACTURING LLC.,(HOSPITAL); (MANUFACTURER); (IMPORTER),2025-04-06,2025-04-25,2025-04-09
1144976,Voluntary problem report,Déclaration d'incident volontaire,2025-04-07,Canada,Canada,MINIMAL/NO ADVERSE HEALTH CONSEQUENCES,CONSEQUENCES MINIMALES / SANS EFFETS NEFASTES SUR LA SANTE,2025-04-01,,2025-04-01,SPACE INFUSION SYSTEM - INFUSOMAT SPACE VOLUMETRIC INFUSION PUMP,80FRN,3,GENERAL HOSPITAL,HOSPITAL / HÔPITAL; B. BRAUN MELSUNGEN AG,(HOSPITAL); (MANUFACTURER),2025-04-01,2025-04-07,2025-04-01
1144954,Voluntary problem report,Déclaration d'incident volontaire,2025-04-07,Canada,Canada,MINIMAL/NO ADVERSE HEALTH CONSEQUENCES,CONSEQUENCES MINIMALES / SANS EFFETS NEFASTES SUR LA SANTE,2025-04-02,,2025-04-01,SPACE INFUSION SYSTEM - INFUSOMAT SPACE VOLUMETRIC INFUSION PUMP,80FRN,3,GENERAL HOSPITAL,HOSPITAL / HÔPITAL; B. BRAUN MELSUNGEN AG,(HOSPITAL); (MANUFACTURER),2025-04-01,2025-04-07,2025-04-02
1144173,Voluntary problem report,Déclaration d'incident volontaire,2025-03-31,Canada,Canada,MINIMAL/NO ADVERSE HEALTH CONSEQUENCES,CONSEQUENCES MINIMALES / SANS EFFETS NEFASTES SUR LA SANTE,2025-03-31,,2025-03-31,SPACE INFUSION SYSTEM - INFUSOMAT SPACE VOLUMETRIC INFUSION PUMP,80FRN,3,GENERAL HOSPITAL,HOSPITAL / HÔPITAL; B. BRAUN MELSUNGEN AG,(HOSPITAL); (MANUFACTURER),2025-03-31,2025-03-31,2025-03-31
1146110,Mandatory problem report,Déclaration d'incident obligatoire,2025-04-15,Canada,Canada,POTENTIAL FOR DEATH/INJURY,POTENTIEL DE MORT / DE BLESSURES,2025-03-31,30.0,2025-03-31,UNKNOWN B BRAUN INFUSION PUMP,80FRN,0,UNDEFINED,UNASSIGNED / NON ATTRIBUE; HOSPITAL / HÔPITAL,(MANUFACTURER); (HOSPITAL),2025-03-31,2025-04-15,2025-03-31
1144959,Voluntary problem report,Déclaration d'incident volontaire,2025-04-07,Canada,Canada,MINIMAL/NO ADVERSE HEALTH CONSEQUENCES,CONSEQUENCES MINIMALES / SANS EFFETS NEFASTES SUR LA SANTE,2025-03-30,,2025-03-30,SPACE INFUSION SYSTEM - INFUSOMAT SPACE VOLUMETRIC INFUSION PUMP,80FRN,3,GENERAL HOSPITAL,HOSPITAL / HÔPITAL; B. BRAUN MELSUNGEN AG,(HOSPITAL); (MANUFACTURER),2025-03-30,2025-04-07,2025-03-30
1144941,Voluntary problem report,Déclaration d'incident volontaire,2025-04-07,Canada,Canada,MINIMAL/NO ADVERSE HEALTH CONSEQUENCES,CONSEQUENCES MINIMALES / SANS EFFETS NEFASTES SUR LA SANTE,2025-04-02,,2025-03-29,SPACE INFUSION SYSTEM - INFUSOMAT SPACE VOLUMETRIC INFUSION PUMP,80FRN,3,GENERAL HOSPITAL,HOSPITAL / HÔPITAL; B. BRAUN MELSUNGEN AG,(HOSPITAL); (MANUFACTURER),2025-03-29,2025-04-07,2025-04-02
1144420,Voluntary problem report,Déclaration d'incident volontaire,2025-03-31,Canada,Canada,MINIMAL/NO ADVERSE HEALTH CONSEQUENCES,CONSEQUENCES MINIMALES / SANS EFFETS NEFASTES SUR LA SANTE,2025-03-26,,2025-03-26,INFUSOMAT SPACE PUMP IV SET; SPACE INFUSION SYSTEM - INFUSOMAT SPACE VOLUMETRIC INFUSION PUMP,80FPA; 80FRN,2; 3,GENERAL HOSPITAL,HOSPITAL / HÔPITAL; B. BRAUN,(HOSPITAL); (MANUFACTURER),2025-03-26,2025-03-31,2025-03-26
1144383,Voluntary problem report,Déclaration d'incident volontaire,2025-03-31,Canada,Canada,MINIMAL/NO ADVERSE HEALTH CONSEQUENCES,CONSEQUENCES MINIMALES / SANS EFFETS NEFASTES SUR LA SANTE,2025-03-26,,2025-03-26,SPACE INFUSION SYSTEM - INFUSOMAT SPACE VOLUMETRIC INFUSION PUMP,80FRN,3,GENERAL HOSPITAL,HOSPITAL / HÔPITAL; BRAUN CORP.,(HOSPITAL); (MANUFACTURER),2025-03-26,2025-03-31,2025-03-26
1144229,Mandatory problem report,Déclaration d'incident obligatoire,2025-03-31,Canada,Canada,POTENTIAL FOR DEATH/INJURY,POTENTIEL DE MORT / DE BLESSURES,2025-03-26,30.0,2025-03-26,SPACE INFUSION SYSTEM - INFUSOMAT SPACE VOLUMETRIC INFUSION PUMP,80FRN,3,GENERAL HOSPITAL,HOSPITAL / HÔPITAL; B. BRAUN MELSUNGEN AG,(HOSPITAL); (MANUFACTURER),2025-03-26,2025-03-31,2025-03-26
1144257,Mandatory problem report,Déclaration d'incident obligatoire,2025-03-31,Canada,Canada,POTENTIAL FOR DEATH/INJURY,POTENTIEL DE MORT / DE BLESSURES,2025-03-26,30.0,2025-03-26,SPACE INFUSION SYSTEM - INFUSOMAT SPACE VOLUMETRIC INFUSION PUMP,80FRN,3,GENERAL HOSPITAL,HOSPITAL / HÔPITAL; B. BRAUN MELSUNGEN AG; B. BRAUN US DEVICE MANUFACTURING LLC.,(HOSPITAL); (MANUFACTURER); (IMPORTER),2025-03-26,2025-03-31,2025-03-26
1144946,Voluntary problem report,Déclaration d'incident volontaire,2025-04-07,Canada,Canada,MINIMAL/NO ADVERSE HEALTH CONSEQUENCES,CONSEQUENCES MINIMALES / SANS EFFETS NEFASTES SUR LA SANTE,2025-03-27,,2025-03-25,SPACE INFUSION SYSTEM - INFUSOMAT SPACE VOLUMETRIC INFUSION PUMP,80FRN,3,GENERAL HOSPITAL,HOSPITAL / HÔPITAL; B. BRAUN MELSUNGEN AG,(HOSPITAL); (MANUFACTURER),2025-03-25,2025-04-07,2025-03-27
1144773,Mandatory problem report,Déclaration d'incident obligatoire,2025-04-04,Canada,Canada,POTENTIAL FOR DEATH/INJURY,POTENTIEL DE MORT / DE BLESSURES,2025-04-04,30.0,2025-03-25,INFUSOMAT SPACE PUMP IV SET,80FPA,2,GENERAL HOSPITAL,HOSPITAL / HÔPITAL; B. BRAUN MEDICAL INC.; B. BRAUN US DEVICE MANUFACTURING LLC.,(HOSPITAL); (MANUFACTURER); (IMPORTER),2025-03-25,2025-04-04,2025-04-04
1144767,Mandatory problem report,Déclaration d'incident obligatoire,2025-04-04,Canada,Canada,POTENTIAL FOR DEATH/INJURY,POTENTIEL DE MORT / DE BLESSURES,2025-04-04,30.0,2025-03-25,SPACE INFUSION SYSTEM - INFUSOMAT SPACE VOLUMETRIC INFUSION PUMP,80FRN,3,GENERAL HOSPITAL,HOSPITAL / HÔPITAL; B. BRAUN MELSUNGEN AG; B. BRAUN US DEVICE MANUFACTURING LLC.,(HOSPITAL); (MANUFACTURER); (IMPORTER),2025-03-25,2025-04-04,2025-04-04
1143269,Voluntary problem report,Déclaration d'incident volontaire,2025-03-24,Canada,Canada,MINIMAL/NO ADVERSE HEALTH CONSEQUENCES,CONSEQUENCES MINIMALES / SANS EFFETS NEFASTES SUR LA SANTE,2025-03-24,,2025-03-24,INFUSOMAT SPACE PUMP Y-TYPE BLOOD IV SET WITH ANTI-SIPHON VALVE,80FPA,2,GENERAL HOSPITAL,HOSPITAL / HÔPITAL; B. BRAUN MEDICAL INC.; B. BRAUN US DEVICE MANUFACTURING LLC.,(HOSPITAL); (MANUFACTURER); (IMPORTER),2025-03-24,2025-03-24,2025-03-24
1143854,Voluntary problem report,Déclaration d'incident volontaire,2025-03-27,Canada,Canada,MINIMAL/NO ADVERSE HEALTH CONSEQUENCES,CONSEQUENCES MINIMALES / SANS EFFETS NEFASTES SUR LA SANTE,2025-03-27,,2025-03-22,SPACE INFUSION SYSTEM - INFUSOMAT SPACE VOLUMETRIC INFUSION PUMP,80FRN,3,GENERAL HOSPITAL,HOSPITAL / HÔPITAL; B. BRAUN MELSUNGEN AG; B. BRAUN US DEVICE MANUFACTURING LLC.,(HOSPITAL); (MANUFACTURER); (IMPORTER),2025-03-22,2025-03-27,2025-03-27
1144310,Voluntary problem report,Déclaration d'incident volontaire,2025-03-31,Canada,Canada,MINIMAL/NO ADVERSE HEALTH CONSEQUENCES,CONSEQUENCES MINIMALES / SANS EFFETS NEFASTES SUR LA SANTE,2025-03-19,,2025-03-21,INFUSOMAT SPACE PUMP IV SET; SPACE INFUSION SYSTEM - INFUSOMAT SPACE VOLUMETRIC INFUSION PUMP,80FPA; 80FRN,2; 3,GENERAL HOSPITAL,HOSPITAL / HÔPITAL; B. BRAUN,(HOSPITAL); (MANUFACTURER),2025-03-21,2025-03-31,2025-03-19
1144357,Voluntary problem report,Déclaration d'incident volontaire,2025-03-31,Canada,Canada,MINIMAL/NO ADVERSE HEALTH CONSEQUENCES,CONSEQUENCES MINIMALES / SANS EFFETS NEFASTES SUR LA SANTE,2025-03-21,,2025-03-21,SPACE INFUSION SYSTEM - INFUSOMAT SPACE VOLUMETRIC INFUSION PUMP,80FRN,3,GENERAL HOSPITAL,HOSPITAL / HÔPITAL; B. BRAUN,(HOSPITAL); (MANUFACTURER),2025-03-21,2025-03-31,2025-03-21
1144297,Voluntary problem report,Déclaration d'incident volontaire,2025-03-31,Canada,Canada,MINIMAL/NO ADVERSE HEALTH CONSEQUENCES,CONSEQUENCES MINIMALES / SANS EFFETS NEFASTES SUR LA SANTE,2025-03-20,,2025-03-20,INFUSOMAT SPACE PUMP IV SET,80FPA,2,GENERAL HOSPITAL,HOSPITAL / HÔPITAL; B. BRAUN,(HOSPITAL); (MANUFACTURER),2025-03-20,2025-03-31,2025-03-20
1144289,Voluntary problem report,Déclaration d'incident volontaire,2025-03-31,Canada,Canada,MINIMAL/NO ADVERSE HEALTH CONSEQUENCES,CONSEQUENCES MINIMALES / SANS EFFETS NEFASTES SUR LA SANTE,2025-03-20,,2025-03-20,SPACE INFUSION SYSTEM - INFUSOMAT SPACE VOLUMETRIC INFUSION PUMP,80FRN,3,GENERAL HOSPITAL,HOSPITAL / HÔPITAL; B. BRAUN,(HOSPITAL); (MANUFACTURER),2025-03-20,2025-03-31,2025-03-20
1144332,Voluntary problem report,Déclaration d'incident volontaire,2025-03-31,Canada,Canada,MINIMAL/NO ADVERSE HEALTH CONSEQUENCES,CONSEQUENCES MINIMALES / SANS EFFETS NEFASTES SUR LA SANTE,2025-03-20,,2025-03-20,SPACE INFUSION SYSTEM - INFUSOMAT SPACE VOLUMETRIC INFUSION PUMP,80FRN,3,GENERAL HOSPITAL,HOSPITAL / HÔPITAL; B. BRAUN,(HOSPITAL); (MANUFACTURER),2025-03-20,2025-03-31,2025-03-20
1143880,Voluntary problem report,Déclaration d'incident volontaire,2025-03-27,Canada,Canada,MINIMAL/NO ADVERSE HEALTH CONSEQUENCES,CONSEQUENCES MINIMALES / SANS EFFETS NEFASTES SUR LA SANTE,2025-03-27,,2025-03-20,INFUSOMAT SPACE PUMP IV SET,80FPA,2,GENERAL HOSPITAL,HOSPITAL / HÔPITAL; B. BRAUN MEDICAL INC.; B. BRAUN US DEVICE MANUFACTURING LLC.,(HOSPITAL); (MANUFACTURER); (IMPORTER),2025-03-20,2025-03-27,2025-03-27
1144300,Mandatory problem report,Déclaration d'incident obligatoire,2025-03-31,Canada,Canada,POTENTIAL FOR DEATH/INJURY,POTENTIEL DE MORT / DE BLESSURES,2025-03-19,30.0,2025-03-19,SPACE INFUSION SYSTEM - INFUSOMAT SPACE VOLUMETRIC INFUSION PUMP,80FRN,3,GENERAL HOSPITAL,HOSPITAL / HÔPITAL; B. BRAUN MELSUNGEN AG,(HOSPITAL); (MANUFACTURER),2025-03-19,2025-03-31,2025-03-19
1144284,Mandatory problem report,Déclaration d'incident obligatoire,2025-03-31,Canada,Canada,POTENTIAL FOR DEATH/INJURY,POTENTIEL DE MORT / DE BLESSURES,2025-03-18,30.0,2025-03-18,INFUSOMAT SPACE PUMP IV SET; SPACE INFUSION SYSTEM - INFUSOMAT SPACE VOLUMETRIC INFUSION PUMP,80FPA; 80FRN,2; 3,GENERAL HOSPITAL,HOSPITAL / HÔPITAL; B. BRAUN MEDICAL INC.,(HOSPITAL); (MANUFACTURER),2025-03-18,2025-03-31,2025-03-18
1143204,Voluntary problem report,Déclaration d'incident volontaire,2025-03-24,Canada,Canada,MINIMAL/NO ADVERSE HEALTH CONSEQUENCES,CONSEQUENCES MINIMALES / SANS EFFETS NEFASTES SUR LA SANTE,2025-03-24,,2025-03-18,INFUSOMAT SPACE PUMP IV SET,80FPA,2,GENERAL HOSPITAL,HOSPITAL / HÔPITAL; B. BRAUN MEDICAL INC.; B. BRAUN US DEVICE MANUFACTURING LLC.,(HOSPITAL); (MANUFACTURER); (IMPORTER),2025-03-18,2025-03-24,2025-03-24
1143968,Voluntary problem report,Déclaration d'incident volontaire,2025-03-28,Canada,Canada,MINIMAL/NO ADVERSE HEALTH CONSEQUENCES,CONSEQUENCES MINIMALES / SANS EFFETS NEFASTES SUR LA SANTE,2025-03-28,,2025-03-18,INFUSOMAT SPACE PUMP IV SET,80FPA,2,GENERAL HOSPITAL,HOSPITAL / HÔPITAL; B. BRAUN MEDICAL INC.; B. BRAUN US DEVICE MANUFACTURING LLC.,(HOSPITAL); (MANUFACTURER); (IMPORTER),2025-03-18,2025-03-28,2025-03-28
1142437,Voluntary problem report,Déclaration d'incident volontaire,2025-03-18,Canada,Canada,MINIMAL/NO ADVERSE HEALTH CONSEQUENCES,CONSEQUENCES MINIMALES / SANS EFFETS NEFASTES SUR LA SANTE,2025-03-18,,2025-03-17,SPACE INFUSION SYSTEM - INFUSOMAT SPACE VOLUMETRIC INFUSION PUMP,80FRN,3,GENERAL HOSPITAL,HOSPITAL / HÔPITAL; B. BRAUN MELSUNGEN AG; B. BRAUN US DEVICE MANUFACTURING LLC.,(HOSPITAL); (MANUFACTURER); (IMPORTER),2025-03-17,2025-03-18,2025-03-18
1143178,Voluntary problem report,Déclaration d'incident volontaire,2025-03-24,Canada,Canada,MINIMAL/NO ADVERSE HEALTH CONSEQUENCES,CONSEQUENCES MINIMALES / SANS EFFETS NEFASTES SUR LA SANTE,2025-03-24,,2025-03-17,INFUSOMAT SPACE PUMP IV SET,80FPA,2,GENERAL HOSPITAL,HOSPITAL / HÔPITAL; B. BRAUN MEDICAL INC.; B. BRAUN US DEVICE MANUFACTURING LLC.,(HOSPITAL); (MANUFACTURER); (IMPORTER),2025-03-17,2025-03-24,2025-03-24
1145856,Mandatory problem report,Déclaration d'incident obligatoire,2025-04-15,Canada,Canada,POTENTIAL FOR DEATH/INJURY,POTENTIEL DE MORT / DE BLESSURES,2025-03-18,30.0,2025-03-17,INFUSOMAT SPACE PUMP IV SET,80FPA,2,GENERAL HOSPITAL,HOSPITAL / HÔPITAL; B. BRAUN MEDICAL INC.,(HOSPITAL); (MANUFACTURER),2025-03-17,2025-04-15,2025-03-18
1143843,Voluntary problem report,Déclaration d'incident volontaire,2025-03-27,Canada,Canada,MINIMAL/NO ADVERSE HEALTH CONSEQUENCES,CONSEQUENCES MINIMALES / SANS EFFETS NEFASTES SUR LA SANTE,2025-03-27,,2025-03-17,INFUSOMAT SPACE PUMP IV SET,80FPA,2,GENERAL HOSPITAL,HOSPITAL / HÔPITAL; CARDINAL HEALTH; B. BRAUN MEDICAL INC.,(HOSPITAL); (IMPORTER); (MANUFACTURER),2025-03-17,2025-03-27,2025-03-27
1144342,Mandatory problem report,Déclaration d'incident obligatoire,2025-03-31,Canada,Canada,POTENTIAL FOR DEATH/INJURY,POTENTIEL DE MORT / DE BLESSURES,2025-03-18,30.0,2025-03-17,INFUSOMAT SPACE PUMP IV SET; SPACE INFUSION SYSTEM - INFUSOMAT SPACE VOLUMETRIC INFUSION PUMP,80FPA; 80FRN,2; 3,GENERAL HOSPITAL,HOSPITAL / HÔPITAL; B. BRAUN MELSUNGEN AG,(HOSPITAL); (MANUFACTURER),2025-03-17,2025-03-31,2025-03-18
1143868,Voluntary problem report,Déclaration d'incident volontaire,2025-03-27,Canada,Canada,MINIMAL/NO ADVERSE HEALTH CONSEQUENCES,CONSEQUENCES MINIMALES / SANS EFFETS NEFASTES SUR LA SANTE,2025-03-27,,2025-03-15,INFUSOMAT SPACE PUMP IV SET,80FPA,2,GENERAL HOSPITAL,HOSPITAL / HÔPITAL; CARDINAL HEALTH; B. BRAUN MEDICAL INC.,(HOSPITAL); (IMPORTER); (MANUFACTURER),2025-03-15,2025-03-27,2025-03-27
1144381,Voluntary problem report,Déclaration d'incident volontaire,2025-03-31,Canada,Canada,UNASSIGNED,NON ATTRIBUE,2025-03-08,,2025-03-14,SPACE INFUSION SYSTEM - INFUSOMAT SPACE VOLUMETRIC INFUSION PUMP,80FRN,3,GENERAL HOSPITAL,HOSPITAL / HÔPITAL; B. BRAUN,(HOSPITAL); (MANUFACTURER),2025-03-14,2025-03-31,2025-03-08
1142018,Voluntary problem report,Déclaration d'incident volontaire,2025-03-14,Canada,Canada,MINIMAL/NO ADVERSE HEALTH CONSEQUENCES,CONSEQUENCES MINIMALES / SANS EFFETS NEFASTES SUR LA SANTE,2025-03-14,,2025-03-14,INFUSOMAT SPACE PUMP IV SET WITH ANTI-SIPHON VALVE,80FPA,2,GENERAL HOSPITAL,HOSPITAL / HÔPITAL; B. BRAUN MEDICAL INC.; B. BRAUN US DEVICE MANUFACTURING LLC.,(HOSPITAL); (MANUFACTURER); (IMPORTER),2025-03-14,2025-03-14,2025-03-14
1144194,Voluntary problem report,Déclaration d'incident volontaire,2025-03-31,Canada,Canada,MINIMAL/NO ADVERSE HEALTH CONSEQUENCES,CONSEQUENCES MINIMALES / SANS EFFETS NEFASTES SUR LA SANTE,2025-03-31,,2025-03-13,SPACE INFUSION SYSTEM - INFUSOMAT SPACE VOLUMETRIC INFUSION PUMP,80FRN,3,GENERAL HOSPITAL,HOSPITAL / HÔPITAL; B. BRAUN MELSUNGEN AG,(HOSPITAL); (MANUFACTURER),2025-03-13,2025-03-31,2025-03-31
1142813,Voluntary problem report,Déclaration d'incident volontaire,2025-03-20,Canada,Canada,MINIMAL/NO ADVERSE HEALTH CONSEQUENCES,CONSEQUENCES MINIMALES / SANS EFFETS NEFASTES SUR LA SANTE,2025-03-20,,2025-03-13,INFUSOMAT SPACE PUMP Y-TYPE BLOOD IV SET WITH ANTI-SIPHON VALVE,80FPA,2,GENERAL HOSPITAL,HOSPITAL / HÔPITAL; B. BRAUN MEDICAL INC.; CARDINAL HEALTH,(HOSPITAL); (MANUFACTURER); (IMPORTER),2025-03-13,2025-03-20,2025-03-20
1142325,Voluntary problem report,Déclaration d'incident volontaire,2025-03-17,Canada,Canada,MINIMAL/NO ADVERSE HEALTH CONSEQUENCES,CONSEQUENCES MINIMALES / SANS EFFETS NEFASTES SUR LA SANTE,2025-03-14,,2025-03-13,INFUSOMAT SPACE PUMP IV SET,80FPA,2,GENERAL HOSPITAL,HOSPITAL / HÔPITAL; B. BRAUN MEDICAL INC.; B. BRAUN US DEVICE MANUFACTURING LLC.,(HOSPITAL); (MANUFACTURER); (IMPORTER),2025-03-13,2025-03-17,2025-03-14
1142296,Voluntary problem report,Déclaration d'incident volontaire,2025-03-17,Canada,Canada,MINIMAL/NO ADVERSE HEALTH CONSEQUENCES,CONSEQUENCES MINIMALES / SANS EFFETS NEFASTES SUR LA SANTE,2025-03-14,,2025-03-13,INFUSOMAT SPACE PUMP IV SET,80FPA,2,GENERAL HOSPITAL,HOSPITAL / HÔPITAL; B. BRAUN MEDICAL INC.; B. BRAUN US DEVICE MANUFACTURING LLC.,(HOSPITAL); (MANUFACTURER); (IMPORTER),2025-03-13,2025-03-17,2025-03-14
1142289,Voluntary problem report,Déclaration d'incident volontaire,2025-03-17,Canada,Canada,MINIMAL/NO ADVERSE HEALTH CONSEQUENCES,CONSEQUENCES MINIMALES / SANS EFFETS NEFASTES SUR LA SANTE,2025-03-14,,2025-03-13,INFUSOMAT SPACE PUMP IV SET,80FPA,2,GENERAL HOSPITAL,HOSPITAL / HÔPITAL; B. BRAUN MEDICAL INC.; B. BRAUN US DEVICE MANUFACTURING LLC.,(HOSPITAL); (MANUFACTURER); (IMPORTER),2025-03-13,2025-03-17,2025-03-14
1141900,Voluntary problem report,Déclaration d'incident volontaire,2025-03-13,Canada,Canada,MINIMAL/NO ADVERSE HEALTH CONSEQUENCES,CONSEQUENCES MINIMALES / SANS EFFETS NEFASTES SUR LA SANTE,2025-03-13,,2025-03-13,"INFUSOMAT SPACE LINE, TYPE TRANSFUSION",80BRZ,2,GENERAL HOSPITAL,HOSPITAL / HÔPITAL; B. BRAUN MELSUNGEN AG,(HOSPITAL); (MANUFACTURER),2025-03-13,2025-03-13,2025-03-13
1141656,Voluntary problem report,Déclaration d'incident volontaire,2025-03-12,Canada,Canada,MINIMAL/NO ADVERSE HEALTH CONSEQUENCES,CONSEQUENCES MINIMALES / SANS EFFETS NEFASTES SUR LA SANTE,2025-03-12,,2025-03-12,INFUSOMAT SPACE PUMP IV SET,80FPA,2,GENERAL HOSPITAL,HOSPITAL / HÔPITAL; B. BRAUN MEDICAL INC.; B. BRAUN US DEVICE MANUFACTURING LLC.,(HOSPITAL); (MANUFACTURER); (IMPORTER),2025-03-12,2025-03-12,2025-03-12
1142368,Voluntary problem report,Déclaration d'incident volontaire,2025-03-17,Canada,Canada,MINIMAL/NO ADVERSE HEALTH CONSEQUENCES,CONSEQUENCES MINIMALES / SANS EFFETS NEFASTES SUR LA SANTE,2025-03-14,,2025-03-12,INFUSOMAT SPACE PUMP IV SET,80FPA,2,GENERAL HOSPITAL,HOSPITAL / HÔPITAL; B. BRAUN MEDICAL INC.; B. BRAUN US DEVICE MANUFACTURING LLC.,(HOSPITAL); (MANUFACTURER); (IMPORTER),2025-03-12,2025-03-17,2025-03-14
1142357,Voluntary problem report,Déclaration d'incident volontaire,2025-03-17,Canada,Canada,MINIMAL/NO ADVERSE HEALTH CONSEQUENCES,CONSEQUENCES MINIMALES / SANS EFFETS NEFASTES SUR LA SANTE,2025-03-14,,2025-03-12,INFUSOMAT SPACE PUMP IV SET,80FPA,2,GENERAL HOSPITAL,HOSPITAL / HÔPITAL; B. BRAUN MEDICAL INC.; B. BRAUN US DEVICE MANUFACTURING LLC.,(HOSPITAL); (MANUFACTURER); (IMPORTER),2025-03-12,2025-03-17,2025-03-14
1142268,Voluntary problem report,Déclaration d'incident volontaire,2025-03-17,Canada,Canada,MINIMAL/NO ADVERSE HEALTH CONSEQUENCES,CONSEQUENCES MINIMALES / SANS EFFETS NEFASTES SUR LA SANTE,2025-03-14,,2025-03-11,INFUSOMAT SPACE PUMP IV SET,80FPA,2,GENERAL HOSPITAL,HOSPITAL / HÔPITAL; B. BRAUN MEDICAL INC.; B. BRAUN US DEVICE MANUFACTURING LLC.,(HOSPITAL); (MANUFACTURER); (IMPORTER),2025-03-11,2025-03-17,2025-03-14
1144375,Voluntary problem report,Déclaration d'incident volontaire,2025-03-31,Canada,Canada,MINIMAL/NO ADVERSE HEALTH CONSEQUENCES,CONSEQUENCES MINIMALES / SANS EFFETS NEFASTES SUR LA SANTE,2025-03-11,,2025-03-11,INFUSOMAT SPACE PUMP IV SET; SPACE INFUSION SYSTEM - INFUSOMAT SPACE VOLUMETRIC INFUSION PUMP,80FPA; 80FRN,2; 3,GENERAL HOSPITAL,HOSPITAL / HÔPITAL; B. BRAUN MELSUNGEN AG; B. BRAUN MEDICAL INC.; B. BRAUN US DEVICE MANUFACTURING LLC.,(HOSPITAL); (MANUFACTURER); (IMPORTER),2025-03-11,2025-03-31,2025-03-11
1144389,Voluntary problem report,Déclaration d'incident volontaire,2025-03-31,Canada,Canada,MINIMAL/NO ADVERSE HEALTH CONSEQUENCES,CONSEQUENCES MINIMALES / SANS EFFETS NEFASTES SUR LA SANTE,2025-03-11,,2025-03-11,SPACE INFUSION SYSTEM - INFUSOMAT SPACE VOLUMETRIC INFUSION PUMP,80FRN,3,GENERAL HOSPITAL,HOSPITAL / HÔPITAL; B. BRAUN MELSUNGEN AG; B. BRAUN US DEVICE MANUFACTURING LLC.,(HOSPITAL); (MANUFACTURER); (IMPORTER),2025-03-11,2025-03-31,2025-03-11
1144435,Voluntary problem report,Déclaration d'incident volontaire,2025-03-31,Canada,Canada,MINIMAL/NO ADVERSE HEALTH CONSEQUENCES,CONSEQUENCES MINIMALES / SANS EFFETS NEFASTES SUR LA SANTE,2025-03-11,,2025-03-11,INFUSOMAT SPACE PUMP IV SET,80FPA,2,GENERAL HOSPITAL,HOSPITAL / HÔPITAL; B. BRAUN MEDICAL INC.; B. BRAUN US DEVICE MANUFACTURING LLC.,(HOSPITAL); (MANUFACTURER); (IMPORTER),2025-03-11,2025-03-31,2025-03-11
1144261,Mandatory problem report,Déclaration d'incident obligatoire,2025-03-31,Canada,Canada,POTENTIAL FOR DEATH/INJURY,POTENTIEL DE MORT / DE BLESSURES,2025-03-11,30.0,2025-03-10,INFUSOMAT SPACE PUMP IV SET,80FPA,2,GENERAL HOSPITAL,HOSPITAL / HÔPITAL; B. BRAUN MEDICAL INC.,(HOSPITAL); (MANUFACTURER),2025-03-10,2025-03-31,2025-03-11
1144253,Mandatory problem report,Déclaration d'incident obligatoire,2025-03-31,Canada,Canada,POTENTIAL FOR DEATH/INJURY,POTENTIEL DE MORT / DE BLESSURES,2025-03-09,30.0,2025-03-09,SPACE INFUSION SYSTEM - INFUSOMAT SPACE VOLUMETRIC INFUSION PUMP,80FRN,3,GENERAL HOSPITAL,HOSPITAL / HÔPITAL; B. BRAUN MELSUNGEN AG,(HOSPITAL); (MANUFACTURER),2025-03-09,2025-03-31,2025-03-09
1144245,Mandatory problem report,Déclaration d'incident obligatoire,2025-03-31,Canada,Canada,POTENTIAL FOR DEATH/INJURY,POTENTIEL DE MORT / DE BLESSURES,2025-03-09,30.0,2025-03-09,SPACE INFUSION SYSTEM - INFUSOMAT SPACE VOLUMETRIC INFUSION PUMP,80FRN,3,GENERAL HOSPITAL,HOSPITAL / HÔPITAL; B. BRAUN MELSUNGEN AG,(HOSPITAL); (MANUFACTURER),2025-03-09,2025-03-31,2025-03-09
1144242,Mandatory problem report,Déclaration d'incident obligatoire,2025-03-31,Canada,Canada,POTENTIAL FOR DEATH/INJURY,POTENTIEL DE MORT / DE BLESSURES,2025-03-09,30.0,2025-03-09,SPACE INFUSION SYSTEM - INFUSOMAT SPACE VOLUMETRIC INFUSION PUMP,80FRN,3,GENERAL HOSPITAL,HOSPITAL / HÔPITAL; B. BRAUN MELSUNGEN AG,(HOSPITAL); (MANUFACTURER),2025-03-09,2025-03-31,2025-03-09
1144234,Mandatory problem report,Déclaration d'incident obligatoire,2025-03-31,Canada,Canada,POTENTIAL FOR DEATH/INJURY,POTENTIEL DE MORT / DE BLESSURES,2025-03-09,30.0,2025-03-09,SPACE INFUSION SYSTEM - INFUSOMAT SPACE VOLUMETRIC INFUSION PUMP,80FRN,3,GENERAL HOSPITAL,HOSPITAL / HÔPITAL; B. BRAUN MELSUNGEN AG,(HOSPITAL); (MANUFACTURER),2025-03-09,2025-03-31,2025-03-09
1144281,Mandatory problem report,Déclaration d'incident obligatoire,2025-03-31,Canada,Canada,POTENTIAL FOR DEATH/INJURY,POTENTIEL DE MORT / DE BLESSURES,2025-03-09,30.0,2025-03-09,SPACE INFUSION SYSTEM - INFUSOMAT SPACE VOLUMETRIC INFUSION PUMP,80FRN,3,GENERAL HOSPITAL,HOSPITAL / HÔPITAL; B. BRAUN MELSUNGEN AG,(HOSPITAL); (MANUFACTURER),2025-03-09,2025-03-31,2025-03-09
1144220,Mandatory problem report,Déclaration d'incident obligatoire,2025-03-31,Canada,Canada,POTENTIAL FOR DEATH/INJURY,POTENTIEL DE MORT / DE BLESSURES,2025-03-09,30.0,2025-03-09,SPACE INFUSION SYSTEM - INFUSOMAT SPACE VOLUMETRIC INFUSION PUMP,80FRN,3,GENERAL HOSPITAL,HOSPITAL / HÔPITAL; B. BRAUN MELSUNGEN AG,(HOSPITAL); (MANUFACTURER),2025-03-09,2025-03-31,2025-03-09
1144280,Voluntary problem report,Déclaration d'incident volontaire,2025-03-31,Canada,Canada,MINIMAL/NO ADVERSE HEALTH CONSEQUENCES,CONSEQUENCES MINIMALES / SANS EFFETS NEFASTES SUR LA SANTE,2025-03-09,,2025-03-09,"INFUSOMAT SPACE LINE, TYPE TRANSFUSION",80BRZ,2,GENERAL HOSPITAL,HOSPITAL / HÔPITAL; B. BRAUN MELSUNGEN AG,(HOSPITAL); (MANUFACTURER),2025-03-09,2025-03-31,2025-03-09
1142787,Voluntary problem report,Déclaration d'incident volontaire,2025-03-20,Canada,Canada,MINIMAL/NO ADVERSE HEALTH CONSEQUENCES,CONSEQUENCES MINIMALES / SANS EFFETS NEFASTES SUR LA SANTE,2025-03-20,,2025-03-09,INFUSOMAT SPACE PUMP IV SET,80FPA,2,GENERAL HOSPITAL,HOSPITAL / HÔPITAL; B. BRAUN MEDICAL INC.; CARDINAL HEALTH,(HOSPITAL); (MANUFACTURER); (IMPORTER),2025-03-09,2025-03-20,2025-03-20
1144251,Mandatory problem report,Déclaration d'incident obligatoire,2025-03-31,Canada,Canada,POTENTIAL FOR DEATH/INJURY,POTENTIEL DE MORT / DE BLESSURES,2025-03-09,30.0,2025-03-09,SPACE INFUSION SYSTEM - INFUSOMAT SPACE VOLUMETRIC INFUSION PUMP,80FRN,3,GENERAL HOSPITAL,HOSPITAL / HÔPITAL; B. BRAUN MELSUNGEN AG,(HOSPITAL); (MANUFACTURER),2025-03-09,2025-03-31,2025-03-09
1145010,Mandatory problem report,Déclaration d'incident obligatoire,2025-04-07,Canada,Canada,POTENTIAL FOR DEATH/INJURY,POTENTIEL DE MORT / DE BLESSURES,2025-03-09,30.0,2025-03-09,INFUSOMAT SPACE PUMP IV SET; SPACE INFUSION SYSTEM - INFUSOMAT SPACE VOLUMETRIC INFUSION PUMP,80FPA; 80FRN,2; 3,GENERAL HOSPITAL,HOSPITAL / HÔPITAL; B. BRAUN MELSUNGEN AG; B. BRAUN MEDICAL INC.; B. BRAUN US DEVICE MANUFACTURING LLC.,(HOSPITAL); (MANUFACTURER); (IMPORTER),2025-03-09,2025-04-07,2025-03-09
1141881,Voluntary problem report,Déclaration d'incident volontaire,2025-03-13,Canada,Canada,MINIMAL/NO ADVERSE HEALTH CONSEQUENCES,CONSEQUENCES MINIMALES / SANS EFFETS NEFASTES SUR LA SANTE,2025-03-13,,2025-03-09,"INFUSOMAT SPACE LINE, TYPE TRANSFUSION",80BRZ,2,GENERAL HOSPITAL,HOSPITAL / HÔPITAL; B. BRAUN MELSUNGEN AG,(HOSPITAL); (MANUFACTURER),2025-03-09,2025-03-13,2025-03-13
1144144,Voluntary problem report,Déclaration d'incident volontaire,2025-03-31,Canada,Canada,MINIMAL/NO ADVERSE HEALTH CONSEQUENCES,CONSEQUENCES MINIMALES / SANS EFFETS NEFASTES SUR LA SANTE,2025-03-31,,2025-03-08,INFUSOMAT SPACE PUMP IV SET WITH ANTI-SIPHON VALVE,80FPA,2,GENERAL HOSPITAL,HOSPITAL / HÔPITAL; B. BRAUN MEDICAL INC.,(HOSPITAL); (MANUFACTURER),2025-03-08,2025-03-31,2025-03-31
1144136,Voluntary problem report,Déclaration d'incident volontaire,2025-03-31,Canada,Canada,MINIMAL/NO ADVERSE HEALTH CONSEQUENCES,CONSEQUENCES MINIMALES / SANS EFFETS NEFASTES SUR LA SANTE,2025-03-31,,2025-03-08,INFUSOMAT SPACE PUMP IV SET WITH ANTI-SIPHON VALVE,80FPA,2,GENERAL HOSPITAL,HOSPITAL / HÔPITAL; B. BRAUN MEDICAL INC.,(HOSPITAL); (MANUFACTURER),2025-03-08,2025-03-31,2025-03-31
1141854,Voluntary problem report,Déclaration d'incident volontaire,2025-03-13,Canada,Canada,MINIMAL/NO ADVERSE HEALTH CONSEQUENCES,CONSEQUENCES MINIMALES / SANS EFFETS NEFASTES SUR LA SANTE,2025-03-13,,2025-03-08,INFUSOMAT SPACE PUMP IV SET,80FPA,2,GENERAL HOSPITAL,HOSPITAL / HÔPITAL; B. BRAUN MEDICAL INC.; B. BRAUN US DEVICE MANUFACTURING LLC.,(HOSPITAL); (MANUFACTURER); (IMPORTER),2025-03-08,2025-03-13,2025-03-13
1141868,Voluntary problem report,Déclaration d'incident volontaire,2025-03-13,Canada,Canada,MINIMAL/NO ADVERSE HEALTH CONSEQUENCES,CONSEQUENCES MINIMALES / SANS EFFETS NEFASTES SUR LA SANTE,2025-03-13,,2025-03-07,INFUSOMAT SPACE PUMP IV SET,80FPA,2,GENERAL HOSPITAL,HOSPITAL / HÔPITAL; B. BRAUN MEDICAL INC.; B. BRAUN US DEVICE MANUFACTURING LLC.,(HOSPITAL); (MANUFACTURER); (IMPORTER),2025-03-07,2025-03-13,2025-03-13
1144454,Voluntary problem report,Déclaration d'incident volontaire,2025-03-31,Canada,Canada,MINIMAL/NO ADVERSE HEALTH CONSEQUENCES,CONSEQUENCES MINIMALES / SANS EFFETS NEFASTES SUR LA SANTE,2025-03-08,,2025-03-07,SPACE INFUSION SYSTEM - INFUSOMAT SPACE VOLUMETRIC INFUSION PUMP,80FRN,3,GENERAL HOSPITAL,HOSPITAL / HÔPITAL; B. BRAUN MELSUNGEN AG; B. BRAUN US DEVICE MANUFACTURING LLC.,(HOSPITAL); (MANUFACTURER); (IMPORTER),2025-03-07,2025-03-31,2025-03-08
1144447,Voluntary problem report,Déclaration d'incident volontaire,2025-03-31,Canada,Canada,MINIMAL/NO ADVERSE HEALTH CONSEQUENCES,CONSEQUENCES MINIMALES / SANS EFFETS NEFASTES SUR LA SANTE,2025-03-08,,2025-03-07,SPACE INFUSION SYSTEM - INFUSOMAT SPACE VOLUMETRIC INFUSION PUMP,80FRN,3,GENERAL HOSPITAL,HOSPITAL / HÔPITAL; B. BRAUN MELSUNGEN AG; B. BRAUN US DEVICE MANUFACTURING LLC.,(HOSPITAL); (MANUFACTURER); (IMPORTER),2025-03-07,2025-03-31,2025-03-08
1144000,Voluntary problem report,Déclaration d'incident volontaire,2025-03-28,Canada,Canada,MINIMAL/NO ADVERSE HEALTH CONSEQUENCES,CONSEQUENCES MINIMALES / SANS EFFETS NEFASTES SUR LA SANTE,2025-03-28,,2025-03-07,INFUSOMAT SPACE PUMP IV SET,80FPA,2,GENERAL HOSPITAL,HOSPITAL / HÔPITAL; B. BRAUN MEDICAL INC.; B. BRAUN US DEVICE MANUFACTURING LLC.,(HOSPITAL); (MANUFACTURER); (IMPORTER),2025-03-07,2025-03-28,2025-03-28
1144605,Mandatory problem report,Déclaration d'incident obligatoire,2025-04-01,Canada,Canada,POTENTIAL FOR DEATH/INJURY,POTENTIEL DE MORT / DE BLESSURES,2025-03-07,30.0,2025-03-07,UNKNOWN B BRAUN INFUSION PUMP,80FRN,0,UNDEFINED,HOSPITAL / HÔPITAL,(HOSPITAL),2025-03-07,2025-04-01,2025-03-07
1141704,Voluntary problem report,Déclaration d'incident volontaire,2025-03-12,Canada,Canada,MINIMAL/NO ADVERSE HEALTH CONSEQUENCES,CONSEQUENCES MINIMALES / SANS EFFETS NEFASTES SUR LA SANTE,2025-03-12,,2025-03-07,INFUSOMAT SPACE PUMP IV SET,80FPA,2,GENERAL HOSPITAL,HOSPITAL / HÔPITAL; B. BRAUN MEDICAL INC.; B. BRAUN US DEVICE MANUFACTURING LLC.,(HOSPITAL); (MANUFACTURER); (IMPORTER),2025-03-07,2025-03-12,2025-03-12
1141634,Voluntary problem report,Déclaration d'incident volontaire,2025-03-12,Canada,Canada,MINIMAL/NO ADVERSE HEALTH CONSEQUENCES,CONSEQUENCES MINIMALES / SANS EFFETS NEFASTES SUR LA SANTE,2025-03-12,,2025-03-06,SPACE INFUSION SYSTEM - INFUSOMAT SPACE VOLUMETRIC INFUSION PUMP,80FRN,3,GENERAL HOSPITAL,HOSPITAL / HÔPITAL; B. BRAUN MELSUNGEN AG; B. BRAUN US DEVICE MANUFACTURING LLC.,(HOSPITAL); (MANUFACTURER); (IMPORTER),2025-03-06,2025-03-12,2025-03-12
1144427,Voluntary problem report,Déclaration d'incident volontaire,2025-03-31,Canada,Canada,MINIMAL/NO ADVERSE HEALTH CONSEQUENCES,CONSEQUENCES MINIMALES / SANS EFFETS NEFASTES SUR LA SANTE,2025-03-07,,2025-03-06,INFUSOMAT SPACE PUMP IV SET,80FPA,2,GENERAL HOSPITAL,HOSPITAL / HÔPITAL; B. BRAUN MEDICAL INC.,(HOSPITAL); (MANUFACTURER),2025-03-06,2025-03-31,2025-03-07
1144402,Voluntary problem report,Déclaration d'incident volontaire,2025-03-31,Canada,Canada,MINIMAL/NO ADVERSE HEALTH CONSEQUENCES,CONSEQUENCES MINIMALES / SANS EFFETS NEFASTES SUR LA SANTE,2025-03-05,,2025-03-05,INFUSOMAT SPACE PUMP IV SET,80FPA,2,GENERAL HOSPITAL,HOSPITAL / HÔPITAL; B. BRAUN,(HOSPITAL); (MANUFACTURER),2025-03-05,2025-03-31,2025-03-05
1143981,Voluntary problem report,Déclaration d'incident volontaire,2025-03-28,Canada,Canada,MINIMAL/NO ADVERSE HEALTH CONSEQUENCES,CONSEQUENCES MINIMALES / SANS EFFETS NEFASTES SUR LA SANTE,2025-03-28,,2025-03-04,INFUSOMAT SPACE PUMP IV SET,80FPA,2,GENERAL HOSPITAL,HOSPITAL / HÔPITAL; B. BRAUN MEDICAL INC.; B. BRAUN US DEVICE MANUFACTURING LLC.,(HOSPITAL); (MANUFACTURER); (IMPORTER),2025-03-04,2025-03-28,2025-03-28
1141084,Voluntary problem report,Déclaration d'incident volontaire,2025-03-10,Canada,Canada,MINIMAL/NO ADVERSE HEALTH CONSEQUENCES,CONSEQUENCES MINIMALES / SANS EFFETS NEFASTES SUR LA SANTE,2025-03-10,,2025-03-04,INFUSOMAT SPACE PUMP IV SET,80FPA,2,GENERAL HOSPITAL,HOSPITAL / HÔPITAL; B. BRAUN MEDICAL INC.; B. BRAUN US DEVICE MANUFACTURING LLC.,(HOSPITAL); (MANUFACTURER); (IMPORTER),2025-03-04,2025-03-10,2025-03-10
1144223,Mandatory problem report,Déclaration d'incident obligatoire,2025-03-31,Canada,Canada,POTENTIAL FOR DEATH/INJURY,POTENTIEL DE MORT / DE BLESSURES,2025-03-05,30.0,2025-03-04,INFUSOMAT SPACE PUMP IV SET; SPACE INFUSION SYSTEM - INFUSOMAT SPACE VOLUMETRIC INFUSION PUMP,80FPA; 80FRN,2; 3,GENERAL HOSPITAL,HOSPITAL / HÔPITAL,(HOSPITAL),2025-03-04,2025-03-31,2025-03-05
1144407,Voluntary problem report,Déclaration d'incident volontaire,2025-03-31,Canada,Canada,MINIMAL/NO ADVERSE HEALTH CONSEQUENCES,CONSEQUENCES MINIMALES / SANS EFFETS NEFASTES SUR LA SANTE,2025-03-05,,2025-03-04,SPACE INFUSION SYSTEM - INFUSOMAT SPACE VOLUMETRIC INFUSION PUMP,80FRN,3,GENERAL HOSPITAL,HOSPITAL / HÔPITAL; B. BRAUN MELSUNGEN AG; B. BRAUN US DEVICE MANUFACTURING LLC.,(HOSPITAL); (MANUFACTURER); (IMPORTER),2025-03-04,2025-03-31,2025-03-05
1144445,Voluntary problem report,Déclaration d'incident volontaire,2025-03-31,Canada,Canada,MINIMAL/NO ADVERSE HEALTH CONSEQUENCES,CONSEQUENCES MINIMALES / SANS EFFETS NEFASTES SUR LA SANTE,2025-03-05,,2025-03-04,SPACE INFUSION SYSTEM - INFUSOMAT SPACE VOLUMETRIC INFUSION PUMP,80FRN,3,GENERAL HOSPITAL,HOSPITAL / HÔPITAL; B. BRAUN MELSUNGEN AG,(HOSPITAL); (MANUFACTURER),2025-03-04,2025-03-31,2025-03-05
1142802,Voluntary problem report,Déclaration d'incident volontaire,2025-03-20,Canada,Canada,MINIMAL/NO ADVERSE HEALTH CONSEQUENCES,CONSEQUENCES MINIMALES / SANS EFFETS NEFASTES SUR LA SANTE,2025-03-20,,2025-03-03,INFUSOMAT SPACE PUMP IV SET,80FPA,2,GENERAL HOSPITAL,HOSPITAL / HÔPITAL; B. BRAUN MEDICAL INC.; CARDINAL HEALTH,(HOSPITAL); (MANUFACTURER); (IMPORTER),2025-03-03,2025-03-20,2025-03-20
1142065,Voluntary problem report,Déclaration d'incident volontaire,2025-03-14,Canada,Canada,MINIMAL/NO ADVERSE HEALTH CONSEQUENCES,CONSEQUENCES MINIMALES / SANS EFFETS NEFASTES SUR LA SANTE,2025-03-14,,2025-03-03,INFUSOMAT SPACE PUMP Y-TYPE BLOOD IV SET WITH ANTI-SIPHON VALVE,80FPA,2,GENERAL HOSPITAL,HOSPITAL / HÔPITAL; B. BRAUN MEDICAL INC.; B. BRAUN US DEVICE MANUFACTURING LLC.,(HOSPITAL); (MANUFACTURER); (IMPORTER),2025-03-03,2025-03-14,2025-03-14
1144240,Mandatory problem report,Déclaration d'incident obligatoire,2025-03-31,Canada,Canada,POTENTIAL FOR DEATH/INJURY,POTENTIEL DE MORT / DE BLESSURES,2025-03-03,30.0,2025-03-03,INFUSOMAT SPACE PUMP IV SET; SPACE INFUSION SYSTEM - INFUSOMAT SPACE VOLUMETRIC INFUSION PUMP,80FPA; 80FRN,2; 3,GENERAL HOSPITAL,HOSPITAL / HÔPITAL; B. BRAUN MEDICAL INC.,(HOSPITAL); (MANUFACTURER),2025-03-03,2025-03-31,2025-03-03
1144413,Voluntary problem report,Déclaration d'incident volontaire,2025-03-31,Canada,Canada,MINIMAL/NO ADVERSE HEALTH CONSEQUENCES,CONSEQUENCES MINIMALES / SANS EFFETS NEFASTES SUR LA SANTE,2025-03-03,,2025-03-03,INFUSOMAT SPACE PUMP IV SET; SPACE INFUSION SYSTEM - INFUSOMAT SPACE VOLUMETRIC INFUSION PUMP,80FPA; 80FRN,2; 3,GENERAL HOSPITAL,HOSPITAL / HÔPITAL; B. BRAUN,(HOSPITAL); (MANUFACTURER),2025-03-03,2025-03-31,2025-03-03
1139787,Voluntary problem report,Déclaration d'incident volontaire,2025-03-03,Canada,Canada,MINIMAL/NO ADVERSE HEALTH CONSEQUENCES,CONSEQUENCES MINIMALES / SANS EFFETS NEFASTES SUR LA SANTE,2025-03-01,,2025-03-01,SPACE INFUSION SYSTEM - INFUSOMAT SPACE VOLUMETRIC INFUSION PUMP,80FRN,3,GENERAL HOSPITAL,HOSPITAL / HÔPITAL; B. BRAUN,(HOSPITAL); (MANUFACTURER),2025-03-01,2025-03-03,2025-03-01
1139944,Mandatory problem report,Déclaration d'incident obligatoire,2025-03-03,Canada,Canada,POTENTIAL FOR DEATH/INJURY,POTENTIEL DE MORT / DE BLESSURES,2025-03-01,30.0,2025-03-01,SPACE INFUSION SYSTEM - INFUSOMAT SPACE VOLUMETRIC INFUSION PUMP,80FRN,3,GENERAL HOSPITAL,HOSPITAL / HÔPITAL; B. BRAUN MELSUNGEN AG,(HOSPITAL); (MANUFACTURER),2025-03-01,2025-03-03,2025-03-01
1139847,Voluntary problem report,Déclaration d'incident volontaire,2025-03-03,Canada,Canada,MINIMAL/NO ADVERSE HEALTH CONSEQUENCES,CONSEQUENCES MINIMALES / SANS EFFETS NEFASTES SUR LA SANTE,2025-03-01,,2025-02-28,SPACE INFUSION SYSTEM - INFUSOMAT SPACE VOLUMETRIC INFUSION PUMP,80FRN,3,GENERAL HOSPITAL,HOSPITAL / HÔPITAL; B. BRAUN,(HOSPITAL); (MANUFACTURER),2025-02-28,2025-03-03,2025-03-01
1139802,Voluntary problem report,Déclaration d'incident volontaire,2025-03-03,Canada,Canada,MINIMAL/NO ADVERSE HEALTH CONSEQUENCES,CONSEQUENCES MINIMALES / SANS EFFETS NEFASTES SUR LA SANTE,2025-02-28,,2025-02-28,SPACE INFUSION SYSTEM - INFUSOMAT SPACE VOLUMETRIC INFUSION PUMP,80FRN,3,GENERAL HOSPITAL,HOSPITAL / HÔPITAL; B. BRAUN MELSUNGEN AG,(HOSPITAL); (MANUFACTURER),2025-02-28,2025-03-03,2025-02-28
1142087,Voluntary problem report,Déclaration d'incident volontaire,2025-03-14,Canada,Canada,MINIMAL/NO ADVERSE HEALTH CONSEQUENCES,CONSEQUENCES MINIMALES / SANS EFFETS NEFASTES SUR LA SANTE,2025-03-14,,2025-02-28,INFUSOMAT SPACE PUMP Y-TYPE BLOOD IV SET WITH ANTI-SIPHON VALVE,80FPA,2,GENERAL HOSPITAL,HOSPITAL / HÔPITAL; B. BRAUN MEDICAL INC.; B. BRAUN US DEVICE MANUFACTURING LLC.,(HOSPITAL); (MANUFACTURER); (IMPORTER),2025-02-28,2025-03-14,2025-03-14
1140646,Voluntary problem report,Déclaration d'incident volontaire,2025-03-06,Canada,Canada,MINIMAL/NO ADVERSE HEALTH CONSEQUENCES,CONSEQUENCES MINIMALES / SANS EFFETS NEFASTES SUR LA SANTE,2025-03-06,,2025-02-28,SPACE INFUSION SYSTEM - INFUSOMAT SPACE VOLUMETRIC INFUSION PUMP,80FRN,3,GENERAL HOSPITAL,HOSPITAL / HÔPITAL; B. BRAUN MELSUNGEN AG,(HOSPITAL); (MANUFACTURER),2025-02-28,2025-03-06,2025-03-06
1141099,Voluntary problem report,Déclaration d'incident volontaire,2025-03-10,Canada,Canada,MINIMAL/NO ADVERSE HEALTH CONSEQUENCES,CONSEQUENCES MINIMALES / SANS EFFETS NEFASTES SUR LA SANTE,2025-03-10,,2025-02-28,INFUSOMAT SPACE PUMP IV SET,80FPA,2,GENERAL HOSPITAL,HOSPITAL / HÔPITAL; B. BRAUN MEDICAL INC.; B. BRAUN US DEVICE MANUFACTURING LLC.,(HOSPITAL); (MANUFACTURER); (IMPORTER),2025-02-28,2025-03-10,2025-03-10
1139927,Mandatory problem report,Déclaration d'incident obligatoire,2025-03-03,Canada,Canada,POTENTIAL FOR DEATH/INJURY,POTENTIEL DE MORT / DE BLESSURES,2025-02-27,30.0,2025-02-27,SPACE INFUSION SYSTEM - INFUSOMAT SPACE VOLUMETRIC INFUSION PUMP,80FRN,3,GENERAL HOSPITAL,HOSPITAL / HÔPITAL; B. BRAUN MELSUNGEN AG,(HOSPITAL); (MANUFACTURER),2025-02-27,2025-03-03,2025-02-27
1142251,Voluntary problem report,Déclaration d'incident volontaire,2025-03-17,Canada,Canada,MINIMAL/NO ADVERSE HEALTH CONSEQUENCES,CONSEQUENCES MINIMALES / SANS EFFETS NEFASTES SUR LA SANTE,2025-03-14,,2025-02-26,INFUSOMAT SPACE PUMP IV SET WITH ANTI-SIPHON VALVE,80FPA,2,GENERAL HOSPITAL,HOSPITAL / HÔPITAL; B. BRAUN MEDICAL INC.; B. BRAUN US DEVICE MANUFACTURING LLC.,(HOSPITAL); (MANUFACTURER); (IMPORTER),2025-02-26,2025-03-17,2025-03-14
1139783,Voluntary problem report,Déclaration d'incident volontaire,2025-03-03,Canada,Canada,MINIMAL/NO ADVERSE HEALTH CONSEQUENCES,CONSEQUENCES MINIMALES / SANS EFFETS NEFASTES SUR LA SANTE,2025-02-26,,2025-02-26,SPACE INFUSION SYSTEM - INFUSOMAT SPACE VOLUMETRIC INFUSION PUMP,80FRN,3,GENERAL HOSPITAL,HOSPITAL / HÔPITAL; B. BRAUN,(HOSPITAL); (MANUFACTURER),2025-02-26,2025-03-03,2025-02-26
1139773,Voluntary problem report,Déclaration d'incident volontaire,2025-03-03,Canada,Canada,MINIMAL/NO ADVERSE HEALTH CONSEQUENCES,CONSEQUENCES MINIMALES / SANS EFFETS NEFASTES SUR LA SANTE,2025-02-26,,2025-02-26,SPACE INFUSION SYSTEM - INFUSOMAT SPACE VOLUMETRIC INFUSION PUMP,80FRN,3,GENERAL HOSPITAL,HOSPITAL / HÔPITAL; B. BRAUN,(HOSPITAL); (MANUFACTURER),2025-02-26,2025-03-03,2025-02-26
1139515,Voluntary problem report,Déclaration d'incident volontaire,2025-02-28,Canada,Canada,MINIMAL/NO ADVERSE HEALTH CONSEQUENCES,CONSEQUENCES MINIMALES / SANS EFFETS NEFASTES SUR LA SANTE,2025-02-28,,2025-02-26,INFUSOMAT SPACE PUMP IV SET WITH ANTI-SIPHON VALVE,80FPA,2,GENERAL HOSPITAL,HOSPITAL / HÔPITAL; B. BRAUN MEDICAL INC.; B. BRAUN US DEVICE MANUFACTURING LLC.,(HOSPITAL); (MANUFACTURER); (IMPORTER),2025-02-26,2025-02-28,2025-02-28
1139509,Voluntary problem report,Déclaration d'incident volontaire,2025-02-28,Canada,Canada,MINIMAL/NO ADVERSE HEALTH CONSEQUENCES,CONSEQUENCES MINIMALES / SANS EFFETS NEFASTES SUR LA SANTE,2025-02-28,,2025-02-26,INFUSOMAT SPACE PUMP IV SET WITH ANTI-SIPHON VALVE,80FPA,2,GENERAL HOSPITAL,HOSPITAL / HÔPITAL; B. BRAUN MEDICAL INC.; B. BRAUN US DEVICE MANUFACTURING LLC.,(HOSPITAL); (MANUFACTURER); (IMPORTER),2025-02-26,2025-02-28,2025-02-28
1142035,Voluntary problem report,Déclaration d'incident volontaire,2025-03-14,Canada,Canada,MINIMAL/NO ADVERSE HEALTH CONSEQUENCES,CONSEQUENCES MINIMALES / SANS EFFETS NEFASTES SUR LA SANTE,2025-03-14,,2025-02-26,INFUSOMAT SPACE PUMP Y-TYPE BLOOD IV SET WITH ANTI-SIPHON VALVE,80FPA,2,GENERAL HOSPITAL,HOSPITAL / HÔPITAL; B. BRAUN MEDICAL INC.; B. BRAUN US DEVICE MANUFACTURING LLC.,(HOSPITAL); (MANUFACTURER); (IMPORTER),2025-02-26,2025-03-14,2025-03-14
1142045,Voluntary problem report,Déclaration d'incident volontaire,2025-03-14,Canada,Canada,MINIMAL/NO ADVERSE HEALTH CONSEQUENCES,CONSEQUENCES MINIMALES / SANS EFFETS NEFASTES SUR LA SANTE,2025-03-14,,2025-02-26,INFUSOMAT SPACE PUMP Y-TYPE BLOOD IV SET WITH ANTI-SIPHON VALVE,80FPA,2,GENERAL HOSPITAL,HOSPITAL / HÔPITAL; B. BRAUN MEDICAL INC.; B. BRAUN US DEVICE MANUFACTURING LLC.,(HOSPITAL); (MANUFACTURER); (IMPORTER),2025-02-26,2025-03-14,2025-03-14
1139525,Voluntary problem report,Déclaration d'incident volontaire,2025-02-28,Canada,Canada,MINIMAL/NO ADVERSE HEALTH CONSEQUENCES,CONSEQUENCES MINIMALES / SANS EFFETS NEFASTES SUR LA SANTE,2025-02-28,,2025-02-26,INFUSOMAT SPACE PUMP Y-TYPE BLOOD IV SET WITH ANTI-SIPHON VALVE,80FPA,2,GENERAL HOSPITAL,HOSPITAL / HÔPITAL; B. BRAUN MEDICAL INC.; B. BRAUN US DEVICE MANUFACTURING LLC.,(HOSPITAL); (MANUFACTURER); (IMPORTER),2025-02-26,2025-02-28,2025-02-28
1139766,Voluntary problem report,Déclaration d'incident volontaire,2025-03-03,Canada,Canada,MINIMAL/NO ADVERSE HEALTH CONSEQUENCES,CONSEQUENCES MINIMALES / SANS EFFETS NEFASTES SUR LA SANTE,2025-02-25,,2025-02-25,INFUSOMAT SPACE PUMP IV SET,80FPA,2,GENERAL HOSPITAL,HOSPITAL / HÔPITAL; B. BRAUN MEDICAL INC.,(HOSPITAL); (MANUFACTURER),2025-02-25,2025-03-03,2025-02-25
1141593,Voluntary problem report,Déclaration d'incident volontaire,2025-03-06,Canada,Canada,MINIMAL/NO ADVERSE HEALTH CONSEQUENCES,CONSEQUENCES MINIMALES / SANS EFFETS NEFASTES SUR LA SANTE,2025-03-06,,2025-02-25,INFUSOMAT SPACE PUMP IV SET,80FPA,2,GENERAL HOSPITAL,HOSPITAL / HÔPITAL; B. BRAUN MEDICAL INC.; B. BRAUN US DEVICE MANUFACTURING LLC.,(HOSPITAL); (MANUFACTURER); (IMPORTER),2025-02-25,2025-03-06,2025-03-06
1139820,Voluntary problem report,Déclaration d'incident volontaire,2025-03-03,Canada,Canada,MINIMAL/NO ADVERSE HEALTH CONSEQUENCES,CONSEQUENCES MINIMALES / SANS EFFETS NEFASTES SUR LA SANTE,2025-02-25,,2025-02-25,INFUSOMAT SPACE PUMP IV SET,80FPA,2,GENERAL HOSPITAL,HOSPITAL / HÔPITAL; B. BRAUN,(HOSPITAL); (MANUFACTURER),2025-02-25,2025-03-03,2025-02-25
1139809,Voluntary problem report,Déclaration d'incident volontaire,2025-03-03,Canada,Canada,MINIMAL/NO ADVERSE HEALTH CONSEQUENCES,CONSEQUENCES MINIMALES / SANS EFFETS NEFASTES SUR LA SANTE,2025-02-24,,2025-02-24,INFUSOMAT SPACE PUMP IV SET,80FPA,2,GENERAL HOSPITAL,HOSPITAL / HÔPITAL; B. BRAUN,(HOSPITAL); (MANUFACTURER),2025-02-24,2025-03-03,2025-02-24
1139817,Voluntary problem report,Déclaration d'incident volontaire,2025-03-03,Canada,Canada,MINIMAL/NO ADVERSE HEALTH CONSEQUENCES,CONSEQUENCES MINIMALES / SANS EFFETS NEFASTES SUR LA SANTE,2025-02-24,,2025-02-24,INFUSOMAT SPACE PUMP IV SET,80FPA,2,GENERAL HOSPITAL,HOSPITAL / HÔPITAL; B. BRAUN,(HOSPITAL); (MANUFACTURER),2025-02-24,2025-03-03,2025-02-24
1139778,Voluntary problem report,Déclaration d'incident volontaire,2025-03-03,Canada,Canada,MINIMAL/NO ADVERSE HEALTH CONSEQUENCES,CONSEQUENCES MINIMALES / SANS EFFETS NEFASTES SUR LA SANTE,2025-02-24,,2025-02-24,SPACE INFUSION SYSTEM - INFUSOMAT SPACE VOLUMETRIC INFUSION PUMP,80FRN,3,GENERAL HOSPITAL,HOSPITAL / HÔPITAL; B. BRAUN MELSUNGEN AG,(HOSPITAL); (MANUFACTURER),2025-02-24,2025-03-03,2025-02-24
1138558,Voluntary problem report,Déclaration d'incident volontaire,2025-02-24,Canada,Canada,MINIMAL/NO ADVERSE HEALTH CONSEQUENCES,CONSEQUENCES MINIMALES / SANS EFFETS NEFASTES SUR LA SANTE,2025-02-24,,2025-02-24,SPACE INFUSION SYSTEM - INFUSOMAT SPACE VOLUMETRIC INFUSION PUMP,80FRN,3,GENERAL HOSPITAL,HOSPITAL / HÔPITAL; B. BRAUN MELSUNGEN AG; B. BRAUN US DEVICE MANUFACTURING LLC.,(HOSPITAL); (MANUFACTURER); (IMPORTER),2025-02-24,2025-02-24,2025-02-24
1142338,Voluntary problem report,Déclaration d'incident volontaire,2025-03-17,Canada,Canada,MINIMAL/NO ADVERSE HEALTH CONSEQUENCES,CONSEQUENCES MINIMALES / SANS EFFETS NEFASTES SUR LA SANTE,2025-03-14,,2025-02-24,SPACE INFUSION SYSTEM - INFUSOMAT SPACE VOLUMETRIC INFUSION PUMP,80FRN,3,GENERAL HOSPITAL,HOSPITAL / HÔPITAL; B. BRAUN MELSUNGEN AG; B. BRAUN US DEVICE MANUFACTURING LLC.,(HOSPITAL); (MANUFACTURER); (IMPORTER),2025-02-24,2025-03-17,2025-03-14
1142346,Voluntary problem report,Déclaration d'incident volontaire,2025-03-17,Canada,Canada,MINIMAL/NO ADVERSE HEALTH CONSEQUENCES,CONSEQUENCES MINIMALES / SANS EFFETS NEFASTES SUR LA SANTE,2025-03-14,,2025-02-24,SPACE INFUSION SYSTEM - INFUSOMAT SPACE VOLUMETRIC INFUSION PUMP,80FRN,3,GENERAL HOSPITAL,HOSPITAL / HÔPITAL; B. BRAUN MELSUNGEN AG; B. BRAUN US DEVICE MANUFACTURING LLC.,(HOSPITAL); (MANUFACTURER); (IMPORTER),2025-02-24,2025-03-17,2025-03-14
1138546,Voluntary problem report,Déclaration d'incident volontaire,2025-02-24,Canada,Canada,MINIMAL/NO ADVERSE HEALTH CONSEQUENCES,CONSEQUENCES MINIMALES / SANS EFFETS NEFASTES SUR LA SANTE,2025-02-24,,2025-02-24,SPACE INFUSION SYSTEM - INFUSOMAT SPACE VOLUMETRIC INFUSION PUMP,80FRN,3,GENERAL HOSPITAL,HOSPITAL / HÔPITAL; B. BRAUN MELSUNGEN AG; B. BRAUN US DEVICE MANUFACTURING LLC.,(HOSPITAL); (MANUFACTURER); (IMPORTER),2025-02-24,2025-02-24,2025-02-24
1139851,Mandatory problem report,Déclaration d'incident obligatoire,2025-03-03,Canada,Canada,POTENTIAL FOR DEATH/INJURY,POTENTIEL DE MORT / DE BLESSURES,2025-02-24,30.0,2025-02-24,SPACE INFUSION SYSTEM - INFUSOMAT SPACE VOLUMETRIC INFUSION PUMP,80FRN,3,GENERAL HOSPITAL,HOSPITAL / HÔPITAL; B. BRAUN MELSUNGEN AG; B. BRAUN US DEVICE MANUFACTURING LLC.,(HOSPITAL); (MANUFACTURER); (IMPORTER),2025-02-24,2025-03-03,2025-02-24
1143946,Voluntary problem report,Déclaration d'incident volontaire,2025-03-28,Canada,Canada,MINIMAL/NO ADVERSE HEALTH CONSEQUENCES,CONSEQUENCES MINIMALES / SANS EFFETS NEFASTES SUR LA SANTE,2025-03-28,,2025-02-22,INFUSOMAT SPACE PUMP IV SET,80FPA,2,GENERAL HOSPITAL,HOSPITAL / HÔPITAL; B. BRAUN MEDICAL INC.; B. BRAUN US DEVICE MANUFACTURING LLC.,(HOSPITAL); (MANUFACTURER); (IMPORTER),2025-02-22,2025-03-28,2025-03-28
1139799,Voluntary problem report,Déclaration d'incident volontaire,2025-03-03,Canada,Canada,MINIMAL/NO ADVERSE HEALTH CONSEQUENCES,CONSEQUENCES MINIMALES / SANS EFFETS NEFASTES SUR LA SANTE,2025-02-21,,2025-02-21,INFUSOMAT SPACE PUMP IV SET,80FPA,2,GENERAL HOSPITAL,HOSPITAL / HÔPITAL; B. BRAUN,(HOSPITAL); (MANUFACTURER),2025-02-21,2025-03-03,2025-02-21
1140423,Voluntary problem report,Déclaration d'incident volontaire,2025-03-05,Canada,Canada,MINIMAL/NO ADVERSE HEALTH CONSEQUENCES,CONSEQUENCES MINIMALES / SANS EFFETS NEFASTES SUR LA SANTE,2025-03-05,,2025-02-21,INFUSOMAT SPACE PUMP IV SET,80FPA,2,GENERAL HOSPITAL,HOSPITAL / HÔPITAL; B. BRAUN MEDICAL INC.; B. BRAUN US DEVICE MANUFACTURING LLC.,(HOSPITAL); (MANUFACTURER); (IMPORTER),2025-02-21,2025-03-05,2025-03-05
1139840,Voluntary problem report,Déclaration d'incident volontaire,2025-03-03,Canada,Canada,MINIMAL/NO ADVERSE HEALTH CONSEQUENCES,CONSEQUENCES MINIMALES / SANS EFFETS NEFASTES SUR LA SANTE,2025-02-21,,2025-02-21,SPACE INFUSION SYSTEM - INFUSOMAT SPACE VOLUMETRIC INFUSION PUMP; CARESITE SMALLBORE EXTENSION SET,80FRN; 80RCK,3; 2,GENERAL HOSPITAL,HOSPITAL / HÔPITAL; B. BRAUN,(HOSPITAL); (MANUFACTURER),2025-02-21,2025-03-03,2025-02-21
1139829,Mandatory problem report,Déclaration d'incident obligatoire,2025-03-03,Canada,Canada,POTENTIAL FOR DEATH/INJURY,POTENTIEL DE MORT / DE BLESSURES,2025-02-21,30.0,2025-02-21,INFUSOMAT SPACE PUMP IV SET,80FPA,2,GENERAL HOSPITAL,HOSPITAL / HÔPITAL; B. BRAUN MEDICAL INC.; B. BRAUN US DEVICE MANUFACTURING LLC.,(HOSPITAL); (MANUFACTURER); (IMPORTER),2025-02-21,2025-03-03,2025-02-21
1139879,Voluntary problem report,Déclaration d'incident volontaire,2025-03-03,Canada,Canada,MINIMAL/NO ADVERSE HEALTH CONSEQUENCES,CONSEQUENCES MINIMALES / SANS EFFETS NEFASTES SUR LA SANTE,2025-02-20,,2025-02-20,SPACE INFUSION SYSTEM - INFUSOMAT SPACE VOLUMETRIC INFUSION PUMP,80FRN,3,GENERAL HOSPITAL,HOSPITAL / HÔPITAL; B. BRAUN MELSUNGEN AG; B. BRAUN US DEVICE MANUFACTURING LLC.,(HOSPITAL); (MANUFACTURER); (IMPORTER),2025-02-20,2025-03-03,2025-02-20
1137944,Voluntary problem report,Déclaration d'incident volontaire,2025-02-20,Canada,Canada,INJURY,BLESSURE,2025-02-20,,2025-02-20,INFUSOMAT SPACE PUMP IV SET WITH ANTI-SIPHON VALVE,80FPA,2,GENERAL HOSPITAL,HOSPITAL / HÔPITAL; B. BRAUN MEDICAL INC.; CARDINAL HEALTH,(HOSPITAL); (MANUFACTURER); (IMPORTER),2025-02-20,2025-02-20,2025-02-20
1138440,Voluntary problem report,Déclaration d'incident volontaire,2025-02-21,Canada,Canada,MINIMAL/NO ADVERSE HEALTH CONSEQUENCES,CONSEQUENCES MINIMALES / SANS EFFETS NEFASTES SUR LA SANTE,2025-02-21,,2025-02-20,INFUSOMAT SPACE PUMP IV SET WITH ANTI-SIPHON VALVE,80FPA,2,GENERAL HOSPITAL,HOSPITAL / HÔPITAL; B. BRAUN MEDICAL INC.; B. BRAUN US DEVICE MANUFACTURING LLC.,(HOSPITAL); (MANUFACTURER); (IMPORTER),2025-02-20,2025-02-21,2025-02-21
1142300,Mandatory problem report,Déclaration d'incident obligatoire,2025-03-17,Canada,Canada,POTENTIAL FOR DEATH/INJURY,POTENTIEL DE MORT / DE BLESSURES,2025-02-20,30.0,2025-02-20,SPACE INFUSION SYSTEM - INFUSOMAT SPACE VOLUMETRIC INFUSION PUMP,80FRN,3,GENERAL HOSPITAL,HOSPITAL / HÔPITAL; B. BRAUN MELSUNGEN AG,(HOSPITAL); (MANUFACTURER),2025-02-20,2025-03-17,2025-02-20
1138409,Voluntary problem report,Déclaration d'incident volontaire,2025-02-21,Canada,Canada,MINIMAL/NO ADVERSE HEALTH CONSEQUENCES,CONSEQUENCES MINIMALES / SANS EFFETS NEFASTES SUR LA SANTE,2025-02-21,,2025-02-19,INFUSOMAT SPACE PUMP IV SET,80FPA,2,GENERAL HOSPITAL,HOSPITAL / HÔPITAL; B. BRAUN MEDICAL INC.; B. BRAUN US DEVICE MANUFACTURING LLC.,(HOSPITAL); (MANUFACTURER); (IMPORTER),2025-02-19,2025-02-21,2025-02-21
1139765,Voluntary problem report,Déclaration d'incident volontaire,2025-03-03,Canada,Canada,MINIMAL/NO ADVERSE HEALTH CONSEQUENCES,CONSEQUENCES MINIMALES / SANS EFFETS NEFASTES SUR LA SANTE,2025-02-19,,2025-02-19,INFUSOMAT SPACE PUMP IV SET,80FPA,2,GENERAL HOSPITAL,HOSPITAL / HÔPITAL; B. BRAUN,(HOSPITAL); (MANUFACTURER),2025-02-19,2025-03-03,2025-02-19
1139828,Voluntary problem report,Déclaration d'incident volontaire,2025-03-03,Canada,Canada,MINIMAL/NO ADVERSE HEALTH CONSEQUENCES,CONSEQUENCES MINIMALES / SANS EFFETS NEFASTES SUR LA SANTE,2025-02-19,,2025-02-19,INFUSOMAT SPACE PUMP IV SET,80FPA,2,GENERAL HOSPITAL,HOSPITAL / HÔPITAL; B. BRAUN,(HOSPITAL); (MANUFACTURER),2025-02-19,2025-03-03,2025-02-19
1137859,Voluntary problem report,Déclaration d'incident volontaire,2025-02-18,Canada,Canada,MINIMAL/NO ADVERSE HEALTH CONSEQUENCES,CONSEQUENCES MINIMALES / SANS EFFETS NEFASTES SUR LA SANTE,2025-02-18,,2025-02-18,SPACE INFUSION SYSTEM - INFUSOMAT SPACE VOLUMETRIC INFUSION PUMP,80FRN,3,GENERAL HOSPITAL,HOSPITAL / HÔPITAL; B. BRAUN MELSUNGEN AG; B. BRAUN US DEVICE MANUFACTURING LLC.,(HOSPITAL); (MANUFACTURER); (IMPORTER),2025-02-18,2025-02-18,2025-02-18
1138846,Voluntary problem report,Déclaration d'incident volontaire,2025-02-25,Canada,Canada,MINIMAL/NO ADVERSE HEALTH CONSEQUENCES,CONSEQUENCES MINIMALES / SANS EFFETS NEFASTES SUR LA SANTE,2025-02-25,,2025-02-18,SPACE INFUSION SYSTEM - INFUSOMAT SPACE VOLUMETRIC INFUSION PUMP,80FRN,3,GENERAL HOSPITAL,HOSPITAL / HÔPITAL; B. BRAUN MELSUNGEN AG; B. BRAUN US DEVICE MANUFACTURING LLC.,(HOSPITAL); (MANUFACTURER); (IMPORTER),2025-02-18,2025-02-25,2025-02-25
1137538,Mandatory problem report,Déclaration d'incident obligatoire,2025-02-18,Canada,Canada,DEATH,MORT,2025-02-18,30.0,2025-02-18,INFUSOMAT SPACE PUMP IV SET,80FPA,2,GENERAL HOSPITAL,HOSPITAL / HÔPITAL; B. BRAUN MEDICAL INC.,(HOSPITAL); (MANUFACTURER),2025-02-18,2025-02-18,2025-02-18
1142229,Mandatory problem report,Déclaration d'incident obligatoire,2025-03-17,Canada,Canada,POTENTIAL FOR DEATH/INJURY,POTENTIEL DE MORT / DE BLESSURES,2025-02-17,30.0,2025-02-17,INFUSOMAT SPACE PUMP IV SET; UNKNOWN B BRAUN INFUSION PUMP,80FPA; 80FRN,2; 0,GENERAL HOSPITAL; UNDEFINED,HOSPITAL / HÔPITAL; B. BRAUN MEDICAL INC.; B. BRAUN US DEVICE MANUFACTURING LLC.,(HOSPITAL); (MANUFACTURER); (IMPORTER),2025-02-17,2025-03-17,2025-02-17
1138934,Mandatory problem report,Déclaration d'incident obligatoire,2025-02-26,Canada,Canada,INJURY,BLESSURE,2025-02-26,30.0,2025-02-17,UNKNOWN B BRAUN INFUSION PUMP,80FRN,0,UNDEFINED,UNASSIGNED / NON ATTRIBUE; HOSPITAL / HÔPITAL,"(MANUFACTURER, IMPORTER); (HOSPITAL)",2025-02-17,2025-02-26,2025-02-26
1138428,Voluntary problem report,Déclaration d'incident volontaire,2025-02-21,Canada,Canada,MINIMAL/NO ADVERSE HEALTH CONSEQUENCES,CONSEQUENCES MINIMALES / SANS EFFETS NEFASTES SUR LA SANTE,2025-02-21,,2025-02-17,INFUSOMAT SPACE PUMP IV SET,80FPA,2,GENERAL HOSPITAL,HOSPITAL / HÔPITAL; B. BRAUN MEDICAL INC.; B. BRAUN US DEVICE MANUFACTURING LLC.,(HOSPITAL); (MANUFACTURER); (IMPORTER),2025-02-17,2025-02-21,2025-02-21
1137641,Voluntary problem report,Déclaration d'incident volontaire,2025-02-18,Canada,Canada,MINIMAL/NO ADVERSE HEALTH CONSEQUENCES,CONSEQUENCES MINIMALES / SANS EFFETS NEFASTES SUR LA SANTE,2025-02-15,,2025-02-15,SPACE INFUSION SYSTEM - INFUSOMAT SPACE VOLUMETRIC INFUSION PUMP,80FRN,3,GENERAL HOSPITAL,HOSPITAL / HÔPITAL; B. BRAUN MELSUNGEN AG,(HOSPITAL); (MANUFACTURER),2025-02-15,2025-02-18,2025-02-15
1138414,Voluntary problem report,Déclaration d'incident volontaire,2025-02-21,Canada,Canada,MINIMAL/NO ADVERSE HEALTH CONSEQUENCES,CONSEQUENCES MINIMALES / SANS EFFETS NEFASTES SUR LA SANTE,2025-02-21,,2025-02-15,INFUSOMAT SPACE PUMP IV SET,80FPA,2,GENERAL HOSPITAL,HOSPITAL / HÔPITAL; B. BRAUN MEDICAL INC.; B. BRAUN US DEVICE MANUFACTURING LLC.,(HOSPITAL); (MANUFACTURER); (IMPORTER),2025-02-15,2025-02-21,2025-02-21
1137697,Mandatory problem report,Déclaration d'incident obligatoire,2025-02-18,Canada,Canada,POTENTIAL FOR DEATH/INJURY,POTENTIEL DE MORT / DE BLESSURES,2025-02-16,30.0,2025-02-15,INFUSOMAT SPACE PUMP IV SET; SPACE INFUSION SYSTEM - INFUSOMAT SPACE VOLUMETRIC INFUSION PUMP,80FPA; 80FRN,2; 3,GENERAL HOSPITAL,HOSPITAL / HÔPITAL; B. BRAUN MELSUNGEN AG; B. BRAUN MEDICAL INC.; B. BRAUN US DEVICE MANUFACTURING LLC.,(HOSPITAL); (MANUFACTURER); (IMPORTER),2025-02-15,2025-02-18,2025-02-16
1137637,Mandatory problem report,Déclaration d'incident obligatoire,2025-02-18,Canada,Canada,POTENTIAL FOR DEATH/INJURY,POTENTIEL DE MORT / DE BLESSURES,2025-02-13,30.0,2025-02-13,SPACE INFUSION SYSTEM - INFUSOMAT SPACE VOLUMETRIC INFUSION PUMP,80FRN,3,GENERAL HOSPITAL,HOSPITAL / HÔPITAL; B. BRAUN MELSUNGEN AG; B. BRAUN US DEVICE MANUFACTURING LLC.,(HOSPITAL); (MANUFACTURER); (IMPORTER),2025-02-13,2025-02-18,2025-02-13
1141126,Voluntary problem report,Déclaration d'incident volontaire,2025-03-10,Canada,Canada,MINIMAL/NO ADVERSE HEALTH CONSEQUENCES,CONSEQUENCES MINIMALES / SANS EFFETS NEFASTES SUR LA SANTE,2025-03-10,,2025-02-13,INFUSOMAT SPACE PUMP IV SET,80FPA,2,GENERAL HOSPITAL,HOSPITAL / HÔPITAL; B. BRAUN MEDICAL INC.; B. BRAUN US DEVICE MANUFACTURING LLC.,(HOSPITAL); (MANUFACTURER); (IMPORTER),2025-02-13,2025-03-10,2025-03-10
1138657,Voluntary problem report,Déclaration d'incident volontaire,2025-02-24,Canada,Canada,MINIMAL/NO ADVERSE HEALTH CONSEQUENCES,CONSEQUENCES MINIMALES / SANS EFFETS NEFASTES SUR LA SANTE,2025-02-24,,2025-02-13,INFUSOMAT SPACE PUMP IV SET,80FPA,2,GENERAL HOSPITAL,HOSPITAL / HÔPITAL; B. BRAUN MEDICAL INC.; B. BRAUN US DEVICE MANUFACTURING LLC.,(HOSPITAL); (MANUFACTURER); (IMPORTER),2025-02-13,2025-02-24,2025-02-24
1140128,Mandatory problem report,Déclaration d'incident obligatoire,2025-03-03,Canada,Canada,POTENTIAL FOR DEATH/INJURY,POTENTIEL DE MORT / DE BLESSURES,2025-02-13,30.0,2025-02-13,INFUSOMAT SPACE PUMP IV SET; UNKNOWN INFUSION PUMPS,80FPA; 99ZZZ,2; 0,GENERAL HOSPITAL; UNDEFINED,HOSPITAL / HÔPITAL,(HOSPITAL),2025-02-13,2025-03-03,2025-02-13
1137764,Voluntary problem report,Déclaration d'incident volontaire,2025-02-18,Canada,Canada,MINIMAL/NO ADVERSE HEALTH CONSEQUENCES,CONSEQUENCES MINIMALES / SANS EFFETS NEFASTES SUR LA SANTE,2025-02-13,,2025-02-13,SPACE INFUSION SYSTEM - INFUSOMAT SPACE VOLUMETRIC INFUSION PUMP,80FRN,3,GENERAL HOSPITAL,HOSPITAL / HÔPITAL; B. BRAUN MELSUNGEN AG; B. BRAUN US DEVICE MANUFACTURING LLC.,(HOSPITAL); (MANUFACTURER); (IMPORTER),2025-02-13,2025-02-18,2025-02-13
1139855,Mandatory problem report,Déclaration d'incident obligatoire,2025-03-03,Canada,Canada,POTENTIAL FOR DEATH/INJURY,POTENTIEL DE MORT / DE BLESSURES,2025-02-12,30.0,2025-02-12,INFUSOMAT SPACE PUMP Y-TYPE BLOOD IV SET WITH ANTI-SIPHON VALVE,80FPA,2,GENERAL HOSPITAL,HOSPITAL / HÔPITAL; B. BRAUN MEDICAL INC.,(HOSPITAL); (MANUFACTURER),2025-02-12,2025-03-03,2025-02-12
1137635,Voluntary problem report,Déclaration d'incident volontaire,2025-02-18,Canada,Canada,MINIMAL/NO ADVERSE HEALTH CONSEQUENCES,CONSEQUENCES MINIMALES / SANS EFFETS NEFASTES SUR LA SANTE,2025-02-12,,2025-02-12,INFUSOMAT SPACE PUMP IV SET,80FPA,2,GENERAL HOSPITAL,HOSPITAL / HÔPITAL; B. BRAUN MEDICAL INC.,(HOSPITAL); (MANUFACTURER),2025-02-12,2025-02-18,2025-02-12
1137518,Voluntary problem report,Déclaration d'incident volontaire,2025-02-18,Canada,Canada,MINIMAL/NO ADVERSE HEALTH CONSEQUENCES,CONSEQUENCES MINIMALES / SANS EFFETS NEFASTES SUR LA SANTE,2025-02-18,,2025-02-12,INFUSOMAT SPACE PUMP Y-TYPE BLOOD IV SET WITH ANTI-SIPHON VALVE,80FPA,2,GENERAL HOSPITAL,HOSPITAL / HÔPITAL; B. BRAUN MEDICAL INC.; B. BRAUN US DEVICE MANUFACTURING LLC.,(HOSPITAL); (MANUFACTURER); (IMPORTER),2025-02-12,2025-02-18,2025-02-18
1138640,Voluntary problem report,Déclaration d'incident volontaire,2025-02-24,Canada,Canada,MINIMAL/NO ADVERSE HEALTH CONSEQUENCES,CONSEQUENCES MINIMALES / SANS EFFETS NEFASTES SUR LA SANTE,2025-02-24,,2025-02-11,INFUSOMAT SPACE PUMP IV SET,80FPA,2,GENERAL HOSPITAL,HOSPITAL / HÔPITAL; B. BRAUN MEDICAL INC.; B. BRAUN US DEVICE MANUFACTURING LLC.,(HOSPITAL); (MANUFACTURER); (IMPORTER),2025-02-11,2025-02-24,2025-02-24
1137876,Voluntary problem report,Déclaration d'incident volontaire,2025-02-18,Canada,Canada,MINIMAL/NO ADVERSE HEALTH CONSEQUENCES,CONSEQUENCES MINIMALES / SANS EFFETS NEFASTES SUR LA SANTE,2025-02-10,,2025-02-10,INFUSOMAT SPACE PUMP IV SET,80FPA,2,GENERAL HOSPITAL,HOSPITAL / HÔPITAL; B. BRAUN MEDICAL INC.; B. BRAUN US DEVICE MANUFACTURING LLC.,(HOSPITAL); (MANUFACTURER); (IMPORTER),2025-02-10,2025-02-18,2025-02-10
1137887,Voluntary problem report,Déclaration d'incident volontaire,2025-02-18,Canada,Canada,MINIMAL/NO ADVERSE HEALTH CONSEQUENCES,CONSEQUENCES MINIMALES / SANS EFFETS NEFASTES SUR LA SANTE,2025-02-11,,2025-02-10,INFUSOMAT SPACE PUMP IV SET,80FPA,2,GENERAL HOSPITAL,HOSPITAL / HÔPITAL; B. BRAUN MEDICAL INC.; B. BRAUN US DEVICE MANUFACTURING LLC.,(HOSPITAL); (MANUFACTURER); (IMPORTER),2025-02-10,2025-02-18,2025-02-11
1137926,Voluntary problem report,Déclaration d'incident volontaire,2025-02-18,Canada,Canada,MINIMAL/NO ADVERSE HEALTH CONSEQUENCES,CONSEQUENCES MINIMALES / SANS EFFETS NEFASTES SUR LA SANTE,2025-02-10,,2025-02-10,INFUSOMAT SPACE PUMP IV SET,80FPA,2,GENERAL HOSPITAL,HOSPITAL / HÔPITAL; B. BRAUN MEDICAL INC.,(HOSPITAL); (MANUFACTURER),2025-02-10,2025-02-18,2025-02-10
1140142,Mandatory problem report,Déclaration d'incident obligatoire,2025-03-03,Canada,Canada,POTENTIAL FOR DEATH/INJURY,POTENTIEL DE MORT / DE BLESSURES,2025-02-12,30.0,2025-02-10,INFUSOMAT SPACE PUMP IV SET WITH ANTI-SIPHON VALVE,80FPA,2,GENERAL HOSPITAL,HOSPITAL / HÔPITAL,(HOSPITAL),2025-02-10,2025-03-03,2025-02-12
1138463,Voluntary problem report,Déclaration d'incident volontaire,2025-02-21,Canada,Canada,MINIMAL/NO ADVERSE HEALTH CONSEQUENCES,CONSEQUENCES MINIMALES / SANS EFFETS NEFASTES SUR LA SANTE,2025-02-21,,2025-02-10,INFUSOMAT SPACE PUMP IV SET,80FPA,2,GENERAL HOSPITAL,HOSPITAL / HÔPITAL; B. BRAUN MEDICAL INC.; B. BRAUN US DEVICE MANUFACTURING LLC.,(HOSPITAL); (MANUFACTURER); (IMPORTER),2025-02-10,2025-02-21,2025-02-21
1140251,Mandatory problem report,Déclaration d'incident obligatoire,2025-03-03,Canada,Canada,POTENTIAL FOR DEATH/INJURY,POTENTIEL DE MORT / DE BLESSURES,2025-02-11,30.0,2025-02-10,INFUSOMAT SPACE PUMP IV SET,80FPA,2,GENERAL HOSPITAL,HOSPITAL / HÔPITAL,(HOSPITAL),2025-02-10,2025-03-03,2025-02-11
1138003,Voluntary problem report,Déclaration d'incident volontaire,2025-02-20,Canada,Canada,MINIMAL/NO ADVERSE HEALTH CONSEQUENCES,CONSEQUENCES MINIMALES / SANS EFFETS NEFASTES SUR LA SANTE,2025-02-10,,2025-02-10,INFUSOMAT SPACE PUMP IV SET,80FPA,2,GENERAL HOSPITAL,HOSPITAL / HÔPITAL; B. BRAUN MEDICAL INC.; CARDINAL HEALTH,(HOSPITAL); (MANUFACTURER); (IMPORTER),2025-02-10,2025-02-20,2025-02-10
