INCIDENT_ID,INCIDENT_TYPE_E,INCIDENT_TYPE_F,RECEIPT_DT,SOURCE_OF_RECALL_E,SOURCE_OF_RECALL_F,HAZARD_SEVERITY_CODE_E,HAZARD_SEVERITY_CODE_F,INC_AWARE_DT,MANDATORY_RPT,INCIDENT_DT,TRADE_NAME,PREF_NAME_CODE,RISK_CLASSIFICATION,USAGE_CODE_TERM_E,COMPANY_NAME,ROLE_E,INCIDENT_DT_parsed,RECEIPT_DT_parsed,INC_AWARE_DT_parsed,Year,Month,Month_Year
1147390,Voluntary problem report,Déclaration d'incident volontaire,2025-04-25,Canada,Canada,POTENTIAL FOR DEATH/INJURY,POTENTIEL DE MORT / DE BLESSURES,2025-04-17,,2025-04-17,SPACE INFUSION SYSTEM - INFUSOMAT SPACE VOLUMETRIC INFUSION PUMP,80FRN,3,GENERAL HOSPITAL,HOSPITAL / HÔPITAL; B. BRAUN MELSUNGEN AG,(HOSPITAL); (MANUFACTURER),2025-04-17,2025-04-25,2025-04-17,2025.0,4.0,April 2025
1144257,Mandatory problem report,Déclaration d'incident obligatoire,2025-03-31,Canada,Canada,POTENTIAL FOR DEATH/INJURY,POTENTIEL DE MORT / DE BLESSURES,2025-03-26,30.0,2025-03-26,SPACE INFUSION SYSTEM - INFUSOMAT SPACE VOLUMETRIC INFUSION PUMP,80FRN,3,GENERAL HOSPITAL,HOSPITAL / HÔPITAL; B. BRAUN MELSUNGEN AG; B. BRAUN US DEVICE MANUFACTURING LLC.,(HOSPITAL); (MANUFACTURER); (IMPORTER),2025-03-26,2025-03-31,2025-03-26,2025.0,3.0,March 2025
1144229,Mandatory problem report,Déclaration d'incident obligatoire,2025-03-31,Canada,Canada,POTENTIAL FOR DEATH/INJURY,POTENTIEL DE MORT / DE BLESSURES,2025-03-26,30.0,2025-03-26,SPACE INFUSION SYSTEM - INFUSOMAT SPACE VOLUMETRIC INFUSION PUMP,80FRN,3,GENERAL HOSPITAL,HOSPITAL / HÔPITAL; B. BRAUN MELSUNGEN AG,(HOSPITAL); (MANUFACTURER),2025-03-26,2025-03-31,2025-03-26,2025.0,3.0,March 2025
1144767,Mandatory problem report,Déclaration d'incident obligatoire,2025-04-04,Canada,Canada,POTENTIAL FOR DEATH/INJURY,POTENTIEL DE MORT / DE BLESSURES,2025-04-04,30.0,2025-03-25,SPACE INFUSION SYSTEM - INFUSOMAT SPACE VOLUMETRIC INFUSION PUMP,80FRN,3,GENERAL HOSPITAL,HOSPITAL / HÔPITAL; B. BRAUN MELSUNGEN AG; B. BRAUN US DEVICE MANUFACTURING LLC.,(HOSPITAL); (MANUFACTURER); (IMPORTER),2025-03-25,2025-04-04,2025-04-04,2025.0,3.0,March 2025
1144300,Mandatory problem report,Déclaration d'incident obligatoire,2025-03-31,Canada,Canada,POTENTIAL FOR DEATH/INJURY,POTENTIEL DE MORT / DE BLESSURES,2025-03-19,30.0,2025-03-19,SPACE INFUSION SYSTEM - INFUSOMAT SPACE VOLUMETRIC INFUSION PUMP,80FRN,3,GENERAL HOSPITAL,HOSPITAL / HÔPITAL; B. BRAUN MELSUNGEN AG,(HOSPITAL); (MANUFACTURER),2025-03-19,2025-03-31,2025-03-19,2025.0,3.0,March 2025
1144281,Mandatory problem report,Déclaration d'incident obligatoire,2025-03-31,Canada,Canada,POTENTIAL FOR DEATH/INJURY,POTENTIEL DE MORT / DE BLESSURES,2025-03-09,30.0,2025-03-09,SPACE INFUSION SYSTEM - INFUSOMAT SPACE VOLUMETRIC INFUSION PUMP,80FRN,3,GENERAL HOSPITAL,HOSPITAL / HÔPITAL; B. BRAUN MELSUNGEN AG,(HOSPITAL); (MANUFACTURER),2025-03-09,2025-03-31,2025-03-09,2025.0,3.0,March 2025
1144253,Mandatory problem report,Déclaration d'incident obligatoire,2025-03-31,Canada,Canada,POTENTIAL FOR DEATH/INJURY,POTENTIEL DE MORT / DE BLESSURES,2025-03-09,30.0,2025-03-09,SPACE INFUSION SYSTEM - INFUSOMAT SPACE VOLUMETRIC INFUSION PUMP,80FRN,3,GENERAL HOSPITAL,HOSPITAL / HÔPITAL; B. BRAUN MELSUNGEN AG,(HOSPITAL); (MANUFACTURER),2025-03-09,2025-03-31,2025-03-09,2025.0,3.0,March 2025
1144251,Mandatory problem report,Déclaration d'incident obligatoire,2025-03-31,Canada,Canada,POTENTIAL FOR DEATH/INJURY,POTENTIEL DE MORT / DE BLESSURES,2025-03-09,30.0,2025-03-09,SPACE INFUSION SYSTEM - INFUSOMAT SPACE VOLUMETRIC INFUSION PUMP,80FRN,3,GENERAL HOSPITAL,HOSPITAL / HÔPITAL; B. BRAUN MELSUNGEN AG,(HOSPITAL); (MANUFACTURER),2025-03-09,2025-03-31,2025-03-09,2025.0,3.0,March 2025
1144245,Mandatory problem report,Déclaration d'incident obligatoire,2025-03-31,Canada,Canada,POTENTIAL FOR DEATH/INJURY,POTENTIEL DE MORT / DE BLESSURES,2025-03-09,30.0,2025-03-09,SPACE INFUSION SYSTEM - INFUSOMAT SPACE VOLUMETRIC INFUSION PUMP,80FRN,3,GENERAL HOSPITAL,HOSPITAL / HÔPITAL; B. BRAUN MELSUNGEN AG,(HOSPITAL); (MANUFACTURER),2025-03-09,2025-03-31,2025-03-09,2025.0,3.0,March 2025
1144242,Mandatory problem report,Déclaration d'incident obligatoire,2025-03-31,Canada,Canada,POTENTIAL FOR DEATH/INJURY,POTENTIEL DE MORT / DE BLESSURES,2025-03-09,30.0,2025-03-09,SPACE INFUSION SYSTEM - INFUSOMAT SPACE VOLUMETRIC INFUSION PUMP,80FRN,3,GENERAL HOSPITAL,HOSPITAL / HÔPITAL; B. BRAUN MELSUNGEN AG,(HOSPITAL); (MANUFACTURER),2025-03-09,2025-03-31,2025-03-09,2025.0,3.0,March 2025
1144234,Mandatory problem report,Déclaration d'incident obligatoire,2025-03-31,Canada,Canada,POTENTIAL FOR DEATH/INJURY,POTENTIEL DE MORT / DE BLESSURES,2025-03-09,30.0,2025-03-09,SPACE INFUSION SYSTEM - INFUSOMAT SPACE VOLUMETRIC INFUSION PUMP,80FRN,3,GENERAL HOSPITAL,HOSPITAL / HÔPITAL; B. BRAUN MELSUNGEN AG,(HOSPITAL); (MANUFACTURER),2025-03-09,2025-03-31,2025-03-09,2025.0,3.0,March 2025
1144220,Mandatory problem report,Déclaration d'incident obligatoire,2025-03-31,Canada,Canada,POTENTIAL FOR DEATH/INJURY,POTENTIEL DE MORT / DE BLESSURES,2025-03-09,30.0,2025-03-09,SPACE INFUSION SYSTEM - INFUSOMAT SPACE VOLUMETRIC INFUSION PUMP,80FRN,3,GENERAL HOSPITAL,HOSPITAL / HÔPITAL; B. BRAUN MELSUNGEN AG,(HOSPITAL); (MANUFACTURER),2025-03-09,2025-03-31,2025-03-09,2025.0,3.0,March 2025
1139944,Mandatory problem report,Déclaration d'incident obligatoire,2025-03-03,Canada,Canada,POTENTIAL FOR DEATH/INJURY,POTENTIEL DE MORT / DE BLESSURES,2025-03-01,30.0,2025-03-01,SPACE INFUSION SYSTEM - INFUSOMAT SPACE VOLUMETRIC INFUSION PUMP,80FRN,3,GENERAL HOSPITAL,HOSPITAL / HÔPITAL; B. BRAUN MELSUNGEN AG,(HOSPITAL); (MANUFACTURER),2025-03-01,2025-03-03,2025-03-01,2025.0,3.0,March 2025
1139927,Mandatory problem report,Déclaration d'incident obligatoire,2025-03-03,Canada,Canada,POTENTIAL FOR DEATH/INJURY,POTENTIEL DE MORT / DE BLESSURES,2025-02-27,30.0,2025-02-27,SPACE INFUSION SYSTEM - INFUSOMAT SPACE VOLUMETRIC INFUSION PUMP,80FRN,3,GENERAL HOSPITAL,HOSPITAL / HÔPITAL; B. BRAUN MELSUNGEN AG,(HOSPITAL); (MANUFACTURER),2025-02-27,2025-03-03,2025-02-27,2025.0,2.0,February 2025
1139851,Mandatory problem report,Déclaration d'incident obligatoire,2025-03-03,Canada,Canada,POTENTIAL FOR DEATH/INJURY,POTENTIEL DE MORT / DE BLESSURES,2025-02-24,30.0,2025-02-24,SPACE INFUSION SYSTEM - INFUSOMAT SPACE VOLUMETRIC INFUSION PUMP,80FRN,3,GENERAL HOSPITAL,HOSPITAL / HÔPITAL; B. BRAUN MELSUNGEN AG; B. BRAUN US DEVICE MANUFACTURING LLC.,(HOSPITAL); (MANUFACTURER); (IMPORTER),2025-02-24,2025-03-03,2025-02-24,2025.0,2.0,February 2025
1142300,Mandatory problem report,Déclaration d'incident obligatoire,2025-03-17,Canada,Canada,POTENTIAL FOR DEATH/INJURY,POTENTIEL DE MORT / DE BLESSURES,2025-02-20,30.0,2025-02-20,SPACE INFUSION SYSTEM - INFUSOMAT SPACE VOLUMETRIC INFUSION PUMP,80FRN,3,GENERAL HOSPITAL,HOSPITAL / HÔPITAL; B. BRAUN MELSUNGEN AG,(HOSPITAL); (MANUFACTURER),2025-02-20,2025-03-17,2025-02-20,2025.0,2.0,February 2025
1137637,Mandatory problem report,Déclaration d'incident obligatoire,2025-02-18,Canada,Canada,POTENTIAL FOR DEATH/INJURY,POTENTIEL DE MORT / DE BLESSURES,2025-02-13,30.0,2025-02-13,SPACE INFUSION SYSTEM - INFUSOMAT SPACE VOLUMETRIC INFUSION PUMP,80FRN,3,GENERAL HOSPITAL,HOSPITAL / HÔPITAL; B. BRAUN MELSUNGEN AG; B. BRAUN US DEVICE MANUFACTURING LLC.,(HOSPITAL); (MANUFACTURER); (IMPORTER),2025-02-13,2025-02-18,2025-02-13,2025.0,2.0,February 2025
1140158,Mandatory problem report,Déclaration d'incident obligatoire,2025-03-03,Canada,Canada,POTENTIAL FOR DEATH/INJURY,POTENTIEL DE MORT / DE BLESSURES,2025-02-01,30.0,2025-02-01,SPACE INFUSION SYSTEM - INFUSOMAT SPACE VOLUMETRIC INFUSION PUMP,80FRN,3,GENERAL HOSPITAL,HOSPITAL / HÔPITAL; B. BRAUN MELSUNGEN AG; B. BRAUN US DEVICE MANUFACTURING LLC.,(HOSPITAL); (MANUFACTURER); (IMPORTER),2025-02-01,2025-03-03,2025-02-01,2025.0,2.0,February 2025
1136354,Mandatory problem report,Déclaration d'incident obligatoire,2025-02-10,Canada,Canada,POTENTIAL FOR DEATH/INJURY,POTENTIEL DE MORT / DE BLESSURES,2025-01-31,30.0,2025-01-31,SPACE INFUSION SYSTEM - INFUSOMAT SPACE VOLUMETRIC INFUSION PUMP,80FRN,3,GENERAL HOSPITAL,HOSPITAL / HÔPITAL; B. BRAUN MELSUNGEN AG,(HOSPITAL); (MANUFACTURER),2025-01-31,2025-02-10,2025-01-31,2025.0,1.0,January 2025
1136495,Mandatory problem report,Déclaration d'incident obligatoire,2025-02-10,Canada,Canada,POTENTIAL FOR DEATH/INJURY,POTENTIEL DE MORT / DE BLESSURES,2025-01-30,30.0,2025-01-30,SPACE INFUSION SYSTEM - INFUSOMAT SPACE VOLUMETRIC INFUSION PUMP,80FRN,3,GENERAL HOSPITAL,HOSPITAL / HÔPITAL; B. BRAUN,(HOSPITAL); (MANUFACTURER),2025-01-30,2025-02-10,2025-01-30,2025.0,1.0,January 2025
1136520,Mandatory problem report,Déclaration d'incident obligatoire,2025-02-10,Canada,Canada,POTENTIAL FOR DEATH/INJURY,POTENTIEL DE MORT / DE BLESSURES,2025-01-29,30.0,2025-01-29,SPACE INFUSION SYSTEM - INFUSOMAT SPACE VOLUMETRIC INFUSION PUMP,80FRN,3,GENERAL HOSPITAL,HOSPITAL / HÔPITAL; B. BRAUN MELSUNGEN AG,(HOSPITAL); (MANUFACTURER),2025-01-29,2025-02-10,2025-01-29,2025.0,1.0,January 2025
1136262,Mandatory problem report,Déclaration d'incident obligatoire,2025-02-10,Canada,Canada,POTENTIAL FOR DEATH/INJURY,POTENTIEL DE MORT / DE BLESSURES,2025-01-28,30.0,2025-01-28,SPACE INFUSION SYSTEM - INFUSOMAT SPACE VOLUMETRIC INFUSION PUMP,80FRN,3,GENERAL HOSPITAL,HOSPITAL / HÔPITAL; B. BRAUN MELSUNGEN AG,(HOSPITAL); (MANUFACTURER),2025-01-28,2025-02-10,2025-01-28,2025.0,1.0,January 2025
1136492,Mandatory problem report,Déclaration d'incident obligatoire,2025-02-10,Canada,Canada,POTENTIAL FOR DEATH/INJURY,POTENTIEL DE MORT / DE BLESSURES,2025-01-28,30.0,2025-01-28,SPACE INFUSION SYSTEM - INFUSOMAT SPACE VOLUMETRIC INFUSION PUMP,80FRN,3,GENERAL HOSPITAL,HOSPITAL / HÔPITAL; B. BRAUN,(HOSPITAL); (MANUFACTURER),2025-01-28,2025-02-10,2025-01-28,2025.0,1.0,January 2025
1136360,Mandatory problem report,Déclaration d'incident obligatoire,2025-02-10,Canada,Canada,POTENTIAL FOR DEATH/INJURY,POTENTIEL DE MORT / DE BLESSURES,2025-01-28,30.0,2025-01-28,SPACE INFUSION SYSTEM - INFUSOMAT SPACE VOLUMETRIC INFUSION PUMP,80FRN,3,GENERAL HOSPITAL,HOSPITAL / HÔPITAL; B. BRAUN MELSUNGEN AG,(HOSPITAL); (MANUFACTURER),2025-01-28,2025-02-10,2025-01-28,2025.0,1.0,January 2025
1136637,Mandatory problem report,Déclaration d'incident obligatoire,2025-02-10,Canada,Canada,POTENTIAL FOR DEATH/INJURY,POTENTIEL DE MORT / DE BLESSURES,2025-01-28,30.0,2025-01-27,SPACE INFUSION SYSTEM - INFUSOMAT SPACE VOLUMETRIC INFUSION PUMP,80FRN,3,GENERAL HOSPITAL,HOSPITAL / HÔPITAL; B. BRAUN MELSUNGEN AG,(HOSPITAL); (MANUFACTURER),2025-01-27,2025-02-10,2025-01-28,2025.0,1.0,January 2025
1136267,Mandatory problem report,Déclaration d'incident obligatoire,2025-02-10,Canada,Canada,POTENTIAL FOR DEATH/INJURY,POTENTIEL DE MORT / DE BLESSURES,2025-01-26,30.0,2025-01-26,SPACE INFUSION SYSTEM - INFUSOMAT SPACE VOLUMETRIC INFUSION PUMP,80FRN,3,GENERAL HOSPITAL,HOSPITAL / HÔPITAL; B. BRAUN MELSUNGEN AG,(HOSPITAL); (MANUFACTURER),2025-01-26,2025-02-10,2025-01-26,2025.0,1.0,January 2025
1136310,Mandatory problem report,Déclaration d'incident obligatoire,2025-02-10,Canada,Canada,POTENTIAL FOR DEATH/INJURY,POTENTIEL DE MORT / DE BLESSURES,2025-01-26,30.0,2025-01-25,SPACE INFUSION SYSTEM - INFUSOMAT SPACE VOLUMETRIC INFUSION PUMP,80FRN,3,GENERAL HOSPITAL,HOSPITAL / HÔPITAL; B. BRAUN MELSUNGEN AG; B. BRAUN US DEVICE MANUFACTURING LLC.,(HOSPITAL); (MANUFACTURER); (IMPORTER),2025-01-25,2025-02-10,2025-01-26,2025.0,1.0,January 2025
1136540,Mandatory problem report,Déclaration d'incident obligatoire,2025-02-10,Canada,Canada,POTENTIAL FOR DEATH/INJURY,POTENTIEL DE MORT / DE BLESSURES,2025-01-24,30.0,2025-01-24,SPACE INFUSION SYSTEM - INFUSOMAT SPACE VOLUMETRIC INFUSION PUMP,80FRN,3,GENERAL HOSPITAL,HOSPITAL / HÔPITAL; B. BRAUN MELSUNGEN AG,(HOSPITAL); (MANUFACTURER),2025-01-24,2025-02-10,2025-01-24,2025.0,1.0,January 2025
1136594,Mandatory problem report,Déclaration d'incident obligatoire,2025-02-10,Canada,Canada,POTENTIAL FOR DEATH/INJURY,POTENTIEL DE MORT / DE BLESSURES,2025-01-24,30.0,2025-01-24,SPACE INFUSION SYSTEM - INFUSOMAT SPACE VOLUMETRIC INFUSION PUMP,80FRN,3,GENERAL HOSPITAL,HOSPITAL / HÔPITAL; B. BRAUN MELSUNGEN AG,(HOSPITAL); (MANUFACTURER),2025-01-24,2025-02-10,2025-01-24,2025.0,1.0,January 2025
1136357,Mandatory problem report,Déclaration d'incident obligatoire,2025-02-10,Canada,Canada,POTENTIAL FOR DEATH/INJURY,POTENTIEL DE MORT / DE BLESSURES,2025-01-24,30.0,2025-01-24,SPACE INFUSION SYSTEM - INFUSOMAT SPACE VOLUMETRIC INFUSION PUMP,80FRN,3,GENERAL HOSPITAL,HOSPITAL / HÔPITAL; B. BRAUN MELSUNGEN AG; B. BRAUN US DEVICE MANUFACTURING LLC.,(HOSPITAL); (MANUFACTURER); (IMPORTER),2025-01-24,2025-02-10,2025-01-24,2025.0,1.0,January 2025
1136523,Mandatory problem report,Déclaration d'incident obligatoire,2025-02-10,Canada,Canada,POTENTIAL FOR DEATH/INJURY,POTENTIEL DE MORT / DE BLESSURES,2025-01-21,30.0,2025-01-21,SPACE INFUSION SYSTEM - INFUSOMAT SPACE VOLUMETRIC INFUSION PUMP,80FRN,3,GENERAL HOSPITAL,HOSPITAL / HÔPITAL; B. BRAUN MELSUNGEN AG,(HOSPITAL); (MANUFACTURER),2025-01-21,2025-02-10,2025-01-21,2025.0,1.0,January 2025
1136286,Mandatory problem report,Déclaration d'incident obligatoire,2025-02-10,Canada,Canada,POTENTIAL FOR DEATH/INJURY,POTENTIEL DE MORT / DE BLESSURES,2025-01-19,30.0,2025-01-19,SPACE INFUSION SYSTEM - INFUSOMAT SPACE VOLUMETRIC INFUSION PUMP,80FRN,3,GENERAL HOSPITAL,HOSPITAL / HÔPITAL; B. BRAUN MELSUNGEN AG,(HOSPITAL); (MANUFACTURER),2025-01-19,2025-02-10,2025-01-19,2025.0,1.0,January 2025
1136279,Mandatory problem report,Déclaration d'incident obligatoire,2025-02-10,Canada,Canada,POTENTIAL FOR DEATH/INJURY,POTENTIEL DE MORT / DE BLESSURES,2025-01-18,30.0,2025-01-18,SPACE INFUSION SYSTEM - INFUSOMAT SPACE VOLUMETRIC INFUSION PUMP,80FRN,3,GENERAL HOSPITAL,HOSPITAL / HÔPITAL; B. BRAUN MELSUNGEN AG,(HOSPITAL); (MANUFACTURER),2025-01-18,2025-02-10,2025-01-18,2025.0,1.0,January 2025
1136652,Mandatory problem report,Déclaration d'incident obligatoire,2025-02-10,Canada,Canada,POTENTIAL FOR DEATH/INJURY,POTENTIEL DE MORT / DE BLESSURES,2025-01-15,30.0,2025-01-15,SPACE INFUSION SYSTEM - INFUSOMAT SPACE VOLUMETRIC INFUSION PUMP,80FRN,3,GENERAL HOSPITAL,HOSPITAL / HÔPITAL; B. BRAUN MELSUNGEN AG,(HOSPITAL); (MANUFACTURER),2025-01-15,2025-02-10,2025-01-15,2025.0,1.0,January 2025
1133625,Mandatory problem report,Déclaration d'incident obligatoire,2025-01-23,Canada,Canada,POTENTIAL FOR DEATH/INJURY,POTENTIEL DE MORT / DE BLESSURES,2025-01-17,30.0,2025-01-12,SPACE INFUSION SYSTEM - INFUSOMAT SPACE VOLUMETRIC INFUSION PUMP,80FRN,3,GENERAL HOSPITAL,HOSPITAL / HÔPITAL; B. BRAUN MELSUNGEN AG,(HOSPITAL); (MANUFACTURER),2025-01-12,2025-01-23,2025-01-17,2025.0,1.0,January 2025
1134630,Mandatory problem report,Déclaration d'incident obligatoire,2025-01-23,Canada,Canada,POTENTIAL FOR DEATH/INJURY,POTENTIEL DE MORT / DE BLESSURES,2025-01-10,30.0,2025-01-10,SPACE INFUSION SYSTEM - INFUSOMAT SPACE VOLUMETRIC INFUSION PUMP,80FRN,3,GENERAL HOSPITAL,HOSPITAL / HÔPITAL; B. BRAUN MELSUNGEN AG,(HOSPITAL); (MANUFACTURER),2025-01-10,2025-01-23,2025-01-10,2025.0,1.0,January 2025
1133781,Mandatory problem report,Déclaration d'incident obligatoire,2025-01-23,Canada,Canada,POTENTIAL FOR DEATH/INJURY,POTENTIEL DE MORT / DE BLESSURES,2025-01-09,30.0,2025-01-09,SPACE INFUSION SYSTEM - INFUSOMAT SPACE VOLUMETRIC INFUSION PUMP,80FRN,3,GENERAL HOSPITAL,HOSPITAL / HÔPITAL; B. BRAUN MELSUNGEN AG,(HOSPITAL); (MANUFACTURER),2025-01-09,2025-01-23,2025-01-09,2025.0,1.0,January 2025
1133613,Mandatory problem report,Déclaration d'incident obligatoire,2025-01-23,Canada,Canada,POTENTIAL FOR DEATH/INJURY,POTENTIEL DE MORT / DE BLESSURES,2025-01-09,30.0,2025-01-09,SPACE INFUSION SYSTEM - INFUSOMAT SPACE VOLUMETRIC INFUSION PUMP,80FRN,3,GENERAL HOSPITAL,HOSPITAL / HÔPITAL; B. BRAUN MELSUNGEN AG,(HOSPITAL); (MANUFACTURER),2025-01-09,2025-01-23,2025-01-09,2025.0,1.0,January 2025
1134601,Mandatory problem report,Déclaration d'incident obligatoire,2025-01-23,Canada,Canada,POTENTIAL FOR DEATH/INJURY,POTENTIEL DE MORT / DE BLESSURES,2025-01-09,30.0,2025-01-08,SPACE INFUSION SYSTEM - INFUSOMAT SPACE VOLUMETRIC INFUSION PUMP,80FRN,3,GENERAL HOSPITAL,HOSPITAL / HÔPITAL; B. BRAUN MELSUNGEN AG,(HOSPITAL); (MANUFACTURER),2025-01-08,2025-01-23,2025-01-09,2025.0,1.0,January 2025
1134549,Mandatory problem report,Déclaration d'incident obligatoire,2025-01-23,Canada,Canada,POTENTIAL FOR DEATH/INJURY,POTENTIEL DE MORT / DE BLESSURES,2025-01-09,30.0,2025-01-08,SPACE INFUSION SYSTEM - INFUSOMAT SPACE VOLUMETRIC INFUSION PUMP,80FRN,3,GENERAL HOSPITAL,HOSPITAL / HÔPITAL; B. BRAUN MELSUNGEN AG,(HOSPITAL); (MANUFACTURER),2025-01-08,2025-01-23,2025-01-09,2025.0,1.0,January 2025
1136613,Mandatory problem report,Déclaration d'incident obligatoire,2025-02-10,Canada,Canada,POTENTIAL FOR DEATH/INJURY,POTENTIEL DE MORT / DE BLESSURES,2025-01-08,30.0,2025-01-08,SPACE INFUSION SYSTEM - INFUSOMAT SPACE VOLUMETRIC INFUSION PUMP,80FRN,3,GENERAL HOSPITAL,HOSPITAL / HÔPITAL; B. BRAUN MELSUNGEN AG,(HOSPITAL); (MANUFACTURER),2025-01-08,2025-02-10,2025-01-08,2025.0,1.0,January 2025
1134611,Mandatory problem report,Déclaration d'incident obligatoire,2025-01-23,Canada,Canada,POTENTIAL FOR DEATH/INJURY,POTENTIEL DE MORT / DE BLESSURES,2025-01-08,30.0,2025-01-07,SPACE INFUSION SYSTEM - INFUSOMAT SPACE VOLUMETRIC INFUSION PUMP,80FRN,3,GENERAL HOSPITAL,HOSPITAL / HÔPITAL; B. BRAUN MELSUNGEN AG,(HOSPITAL); (MANUFACTURER),2025-01-07,2025-01-23,2025-01-08,2025.0,1.0,January 2025
1133788,Mandatory problem report,Déclaration d'incident obligatoire,2025-01-23,Canada,Canada,POTENTIAL FOR DEATH/INJURY,POTENTIEL DE MORT / DE BLESSURES,2025-01-07,30.0,2025-01-07,SPACE INFUSION SYSTEM - INFUSOMAT SPACE VOLUMETRIC INFUSION PUMP,80FRN,3,GENERAL HOSPITAL,HOSPITAL / HÔPITAL; B. BRAUN MELSUNGEN AG,(HOSPITAL); (MANUFACTURER),2025-01-07,2025-01-23,2025-01-07,2025.0,1.0,January 2025
1133775,Mandatory problem report,Déclaration d'incident obligatoire,2025-01-23,Canada,Canada,POTENTIAL FOR DEATH/INJURY,POTENTIEL DE MORT / DE BLESSURES,2025-01-06,30.0,2025-01-06,SPACE INFUSION SYSTEM - INFUSOMAT SPACE VOLUMETRIC INFUSION PUMP,80FRN,3,GENERAL HOSPITAL,HOSPITAL / HÔPITAL; B. BRAUN MELSUNGEN AG,(HOSPITAL); (MANUFACTURER),2025-01-06,2025-01-23,2025-01-06,2025.0,1.0,January 2025
1134675,Mandatory problem report,Déclaration d'incident obligatoire,2025-01-23,Canada,Canada,POTENTIAL FOR DEATH/INJURY,POTENTIEL DE MORT / DE BLESSURES,2025-01-06,30.0,2025-01-06,SPACE INFUSION SYSTEM - INFUSOMAT SPACE VOLUMETRIC INFUSION PUMP,80FRN,3,GENERAL HOSPITAL,HOSPITAL / HÔPITAL; B. BRAUN MELSUNGEN AG,(HOSPITAL); (MANUFACTURER),2025-01-06,2025-01-23,2025-01-06,2025.0,1.0,January 2025
1133793,Mandatory problem report,Déclaration d'incident obligatoire,2025-01-23,Canada,Canada,POTENTIAL FOR DEATH/INJURY,POTENTIEL DE MORT / DE BLESSURES,2025-01-06,30.0,2025-01-06,SPACE INFUSION SYSTEM - INFUSOMAT SPACE VOLUMETRIC INFUSION PUMP,80FRN,3,GENERAL HOSPITAL,HOSPITAL / HÔPITAL; B. BRAUN MELSUNGEN AG,(HOSPITAL); (MANUFACTURER),2025-01-06,2025-01-23,2025-01-06,2025.0,1.0,January 2025
1134594,Mandatory problem report,Déclaration d'incident obligatoire,2025-01-23,Canada,Canada,POTENTIAL FOR DEATH/INJURY,POTENTIEL DE MORT / DE BLESSURES,2025-01-05,30.0,2025-01-05,SPACE INFUSION SYSTEM - INFUSOMAT SPACE VOLUMETRIC INFUSION PUMP,80FRN,3,GENERAL HOSPITAL,HOSPITAL / HÔPITAL; B. BRAUN MELSUNGEN AG,(HOSPITAL); (MANUFACTURER),2025-01-05,2025-01-23,2025-01-05,2025.0,1.0,January 2025
1134744,Mandatory problem report,Déclaration d'incident obligatoire,2025-01-23,Canada,Canada,POTENTIAL FOR DEATH/INJURY,POTENTIEL DE MORT / DE BLESSURES,2025-01-04,30.0,2025-01-04,SPACE INFUSION SYSTEM - INFUSOMAT SPACE VOLUMETRIC INFUSION PUMP,80FRN,3,GENERAL HOSPITAL,HOSPITAL / HÔPITAL; B. BRAUN MELSUNGEN AG,(HOSPITAL); (MANUFACTURER),2025-01-04,2025-01-23,2025-01-04,2025.0,1.0,January 2025
1135260,Mandatory problem report,Déclaration d'incident obligatoire,2025-01-31,Canada,Canada,POTENTIAL FOR DEATH/INJURY,POTENTIEL DE MORT / DE BLESSURES,2025-01-02,30.0,2025-01-02,SPACE INFUSION SYSTEM - INFUSOMAT SPACE VOLUMETRIC INFUSION PUMP,80FRN,3,GENERAL HOSPITAL,HOSPITAL / HÔPITAL,(HOSPITAL),2025-01-02,2025-01-31,2025-01-02,2025.0,1.0,January 2025
1136638,Mandatory problem report,Déclaration d'incident obligatoire,2025-02-10,Canada,Canada,POTENTIAL FOR DEATH/INJURY,POTENTIEL DE MORT / DE BLESSURES,2025-01-01,30.0,2025-01-01,SPACE INFUSION SYSTEM - INFUSOMAT SPACE VOLUMETRIC INFUSION PUMP,80FRN,3,GENERAL HOSPITAL,HOSPITAL / HÔPITAL; B. BRAUN,(HOSPITAL); (MANUFACTURER),2025-01-01,2025-02-10,2025-01-01,2025.0,1.0,January 2025
1134524,Mandatory problem report,Déclaration d'incident obligatoire,2025-01-23,Canada,Canada,POTENTIAL FOR DEATH/INJURY,POTENTIEL DE MORT / DE BLESSURES,2024-12-31,30.0,2024-12-31,SPACE INFUSION SYSTEM - INFUSOMAT SPACE VOLUMETRIC INFUSION PUMP,80FRN,3,GENERAL HOSPITAL,HOSPITAL / HÔPITAL; B. BRAUN MELSUNGEN AG,(HOSPITAL); (MANUFACTURER),2024-12-31,2025-01-23,2024-12-31,2024.0,12.0,December 2024
1133641,Mandatory problem report,Déclaration d'incident obligatoire,2025-01-23,Canada,Canada,POTENTIAL FOR DEATH/INJURY,POTENTIEL DE MORT / DE BLESSURES,2024-12-31,30.0,2024-12-31,SPACE INFUSION SYSTEM - INFUSOMAT SPACE VOLUMETRIC INFUSION PUMP,80FRN,3,GENERAL HOSPITAL,HOSPITAL / HÔPITAL; B. BRAUN MELSUNGEN AG,(HOSPITAL); (MANUFACTURER),2024-12-31,2025-01-23,2024-12-31,2024.0,12.0,December 2024
1134284,Mandatory problem report,Déclaration d'incident obligatoire,2025-01-23,Canada,Canada,POTENTIAL FOR DEATH/INJURY,POTENTIEL DE MORT / DE BLESSURES,2024-12-30,30.0,2024-12-30,SPACE INFUSION SYSTEM - INFUSOMAT SPACE VOLUMETRIC INFUSION PUMP,80FRN,3,GENERAL HOSPITAL,HOSPITAL / HÔPITAL; B. BRAUN MELSUNGEN AG,(HOSPITAL); (MANUFACTURER),2024-12-30,2025-01-23,2024-12-30,2024.0,12.0,December 2024
1133921,Mandatory problem report,Déclaration d'incident obligatoire,2025-01-23,Canada,Canada,POTENTIAL FOR DEATH/INJURY,POTENTIEL DE MORT / DE BLESSURES,2024-12-28,30.0,2024-12-28,SPACE INFUSION SYSTEM - INFUSOMAT SPACE VOLUMETRIC INFUSION PUMP,80FRN,3,GENERAL HOSPITAL,HOSPITAL / HÔPITAL; B. BRAUN MELSUNGEN AG,(HOSPITAL); (MANUFACTURER),2024-12-28,2025-01-23,2024-12-28,2024.0,12.0,December 2024
1133811,Mandatory problem report,Déclaration d'incident obligatoire,2025-01-23,Canada,Canada,POTENTIAL FOR DEATH/INJURY,POTENTIEL DE MORT / DE BLESSURES,2024-12-27,30.0,2024-12-27,SPACE INFUSION SYSTEM - INFUSOMAT SPACE VOLUMETRIC INFUSION PUMP,80FRN,3,GENERAL HOSPITAL,HOSPITAL / HÔPITAL; B. BRAUN MELSUNGEN AG,(HOSPITAL); (MANUFACTURER),2024-12-27,2025-01-23,2024-12-27,2024.0,12.0,December 2024
1136381,Mandatory problem report,Déclaration d'incident obligatoire,2025-02-10,Canada,Canada,POTENTIAL FOR DEATH/INJURY,POTENTIEL DE MORT / DE BLESSURES,2025-01-02,30.0,2024-12-27,SPACE INFUSION SYSTEM - INFUSOMAT SPACE VOLUMETRIC INFUSION PUMP,80FRN,3,GENERAL HOSPITAL,HOSPITAL / HÔPITAL; B. BRAUN MELSUNGEN AG; B. BRAUN US DEVICE MANUFACTURING LLC.,(HOSPITAL); (MANUFACTURER); (IMPORTER),2024-12-27,2025-02-10,2025-01-02,2024.0,12.0,December 2024
1134277,Mandatory problem report,Déclaration d'incident obligatoire,2025-01-23,Canada,Canada,POTENTIAL FOR DEATH/INJURY,POTENTIEL DE MORT / DE BLESSURES,2024-12-26,30.0,2024-12-26,SPACE INFUSION SYSTEM - INFUSOMAT SPACE VOLUMETRIC INFUSION PUMP,80FRN,3,GENERAL HOSPITAL,HOSPITAL / HÔPITAL; B. BRAUN MELSUNGEN AG; B. BRAUN US DEVICE MANUFACTURING LLC.,(HOSPITAL); (MANUFACTURER); (IMPORTER),2024-12-26,2025-01-23,2024-12-26,2024.0,12.0,December 2024
1133821,Mandatory problem report,Déclaration d'incident obligatoire,2025-01-23,Canada,Canada,POTENTIAL FOR DEATH/INJURY,POTENTIEL DE MORT / DE BLESSURES,2024-12-25,30.0,2024-12-25,SPACE INFUSION SYSTEM - INFUSOMAT SPACE VOLUMETRIC INFUSION PUMP,80FRN,3,GENERAL HOSPITAL,HOSPITAL / HÔPITAL; B. BRAUN MELSUNGEN AG,(HOSPITAL); (MANUFACTURER),2024-12-25,2025-01-23,2024-12-25,2024.0,12.0,December 2024
1134266,Mandatory problem report,Déclaration d'incident obligatoire,2025-01-23,Canada,Canada,POTENTIAL FOR DEATH/INJURY,POTENTIEL DE MORT / DE BLESSURES,2024-12-25,30.0,2024-12-25,SPACE INFUSION SYSTEM - INFUSOMAT SPACE VOLUMETRIC INFUSION PUMP,80FRN,3,GENERAL HOSPITAL,HOSPITAL / HÔPITAL; B. BRAUN MELSUNGEN AG; B. BRAUN US DEVICE MANUFACTURING LLC.,(HOSPITAL); (MANUFACTURER); (IMPORTER),2024-12-25,2025-01-23,2024-12-25,2024.0,12.0,December 2024
1133913,Mandatory problem report,Déclaration d'incident obligatoire,2025-01-23,Canada,Canada,POTENTIAL FOR DEATH/INJURY,POTENTIEL DE MORT / DE BLESSURES,2024-12-25,30.0,2024-12-25,SPACE INFUSION SYSTEM - INFUSOMAT SPACE VOLUMETRIC INFUSION PUMP,80FRN,3,GENERAL HOSPITAL,HOSPITAL / HÔPITAL; B. BRAUN MELSUNGEN AG,(HOSPITAL); (MANUFACTURER),2024-12-25,2025-01-23,2024-12-25,2024.0,12.0,December 2024
1133908,Mandatory problem report,Déclaration d'incident obligatoire,2025-01-23,Canada,Canada,POTENTIAL FOR DEATH/INJURY,POTENTIEL DE MORT / DE BLESSURES,2024-12-25,30.0,2024-12-25,SPACE INFUSION SYSTEM - INFUSOMAT SPACE VOLUMETRIC INFUSION PUMP,80FRN,3,GENERAL HOSPITAL,HOSPITAL / HÔPITAL; B. BRAUN MELSUNGEN AG,(HOSPITAL); (MANUFACTURER),2024-12-25,2025-01-23,2024-12-25,2024.0,12.0,December 2024
1133828,Mandatory problem report,Déclaration d'incident obligatoire,2025-01-23,Canada,Canada,POTENTIAL FOR DEATH/INJURY,POTENTIEL DE MORT / DE BLESSURES,2024-12-25,30.0,2024-12-25,SPACE INFUSION SYSTEM - INFUSOMAT SPACE VOLUMETRIC INFUSION PUMP,80FRN,3,GENERAL HOSPITAL,HOSPITAL / HÔPITAL; B. BRAUN MELSUNGEN AG,(HOSPITAL); (MANUFACTURER),2024-12-25,2025-01-23,2024-12-25,2024.0,12.0,December 2024
1131866,Mandatory problem report,Déclaration d'incident obligatoire,2025-01-13,Canada,Canada,POTENTIAL FOR DEATH/INJURY,POTENTIEL DE MORT / DE BLESSURES,2024-12-24,30.0,2024-12-24,SPACE INFUSION SYSTEM - INFUSOMAT SPACE VOLUMETRIC INFUSION PUMP,80FRN,3,GENERAL HOSPITAL,HOSPITAL / HÔPITAL; B. BRAUN MELSUNGEN AG; B. BRAUN US DEVICE MANUFACTURING LLC.,(HOSPITAL); (MANUFACTURER); (IMPORTER),2024-12-24,2025-01-13,2024-12-24,2024.0,12.0,December 2024
1131987,Mandatory problem report,Déclaration d'incident obligatoire,2025-01-13,Canada,Canada,POTENTIAL FOR DEATH/INJURY,POTENTIEL DE MORT / DE BLESSURES,2024-12-23,30.0,2024-12-21,SPACE INFUSION SYSTEM - INFUSOMAT SPACE VOLUMETRIC INFUSION PUMP,80FRN,3,GENERAL HOSPITAL,HOSPITAL / HÔPITAL; B. BRAUN MELSUNGEN AG; B. BRAUN US DEVICE MANUFACTURING LLC.,(HOSPITAL); (MANUFACTURER); (IMPORTER),2024-12-21,2025-01-13,2024-12-23,2024.0,12.0,December 2024
1131874,Mandatory problem report,Déclaration d'incident obligatoire,2025-01-13,Canada,Canada,POTENTIAL FOR DEATH/INJURY,POTENTIEL DE MORT / DE BLESSURES,2024-12-20,30.0,2024-12-20,SPACE INFUSION SYSTEM - INFUSOMAT SPACE VOLUMETRIC INFUSION PUMP,80FRN,3,GENERAL HOSPITAL,HOSPITAL / HÔPITAL; B. BRAUN,(HOSPITAL); (MANUFACTURER),2024-12-20,2025-01-13,2024-12-20,2024.0,12.0,December 2024
1132237,Mandatory problem report,Déclaration d'incident obligatoire,2025-01-15,Canada,Canada,POTENTIAL FOR DEATH/INJURY,POTENTIEL DE MORT / DE BLESSURES,2024-12-20,30.0,2024-12-20,SPACE INFUSION SYSTEM - INFUSOMAT SPACE VOLUMETRIC INFUSION PUMP,80FRN,3,GENERAL HOSPITAL,HOSPITAL / HÔPITAL; B. BRAUN,(HOSPITAL); (MANUFACTURER),2024-12-20,2025-01-15,2024-12-20,2024.0,12.0,December 2024
1131934,Mandatory problem report,Déclaration d'incident obligatoire,2025-01-13,Canada,Canada,POTENTIAL FOR DEATH/INJURY,POTENTIEL DE MORT / DE BLESSURES,2024-12-21,30.0,2024-12-20,SPACE INFUSION SYSTEM - INFUSOMAT SPACE VOLUMETRIC INFUSION PUMP,80FRN,3,GENERAL HOSPITAL,HOSPITAL / HÔPITAL; B. BRAUN MELSUNGEN AG; B. BRAUN US DEVICE MANUFACTURING LLC.,(HOSPITAL); (MANUFACTURER); (IMPORTER),2024-12-20,2025-01-13,2024-12-21,2024.0,12.0,December 2024
1131996,Mandatory problem report,Déclaration d'incident obligatoire,2025-01-13,Canada,Canada,POTENTIAL FOR DEATH/INJURY,POTENTIEL DE MORT / DE BLESSURES,2024-12-18,30.0,2024-12-18,SPACE INFUSION SYSTEM - INFUSOMAT SPACE VOLUMETRIC INFUSION PUMP,80FRN,3,GENERAL HOSPITAL,HOSPITAL / HÔPITAL; B. BRAUN MELSUNGEN AG; B. BRAUN US DEVICE MANUFACTURING LLC.,(HOSPITAL); (MANUFACTURER); (IMPORTER),2024-12-18,2025-01-13,2024-12-18,2024.0,12.0,December 2024
1131980,Mandatory problem report,Déclaration d'incident obligatoire,2025-01-13,Canada,Canada,POTENTIAL FOR DEATH/INJURY,POTENTIEL DE MORT / DE BLESSURES,2024-12-18,30.0,2024-12-18,SPACE INFUSION SYSTEM - INFUSOMAT SPACE VOLUMETRIC INFUSION PUMP,80FRN,3,GENERAL HOSPITAL,HOSPITAL / HÔPITAL; B. BRAUN MELSUNGEN AG; B. BRAUN US DEVICE MANUFACTURING LLC.,(HOSPITAL); (MANUFACTURER); (IMPORTER),2024-12-18,2025-01-13,2024-12-18,2024.0,12.0,December 2024
1131948,Mandatory problem report,Déclaration d'incident obligatoire,2025-01-13,Canada,Canada,POTENTIAL FOR DEATH/INJURY,POTENTIEL DE MORT / DE BLESSURES,2024-12-17,30.0,2024-12-17,SPACE INFUSION SYSTEM - INFUSOMAT SPACE VOLUMETRIC INFUSION PUMP,80FRN,3,GENERAL HOSPITAL,HOSPITAL / HÔPITAL; B. BRAUN MELSUNGEN AG; B. BRAUN US DEVICE MANUFACTURING LLC.,(HOSPITAL); (MANUFACTURER); (IMPORTER),2024-12-17,2025-01-13,2024-12-17,2024.0,12.0,December 2024
1131848,Mandatory problem report,Déclaration d'incident obligatoire,2025-01-13,Canada,Canada,POTENTIAL FOR DEATH/INJURY,POTENTIEL DE MORT / DE BLESSURES,2024-12-17,30.0,2024-12-17,SPACE INFUSION SYSTEM - INFUSOMAT SPACE VOLUMETRIC INFUSION PUMP,80FRN,3,GENERAL HOSPITAL,HOSPITAL / HÔPITAL; B. BRAUN MELSUNGEN AG; B. BRAUN US DEVICE MANUFACTURING LLC.,(HOSPITAL); (MANUFACTURER); (IMPORTER),2024-12-17,2025-01-13,2024-12-17,2024.0,12.0,December 2024
1131086,Mandatory problem report,Déclaration d'incident obligatoire,2025-01-07,Canada,Canada,POTENTIAL FOR DEATH/INJURY,POTENTIEL DE MORT / DE BLESSURES,2024-12-14,30.0,2024-12-14,SPACE INFUSION SYSTEM - INFUSOMAT SPACE VOLUMETRIC INFUSION PUMP,80FRN,3,GENERAL HOSPITAL,HOSPITAL / HÔPITAL; B. BRAUN,(HOSPITAL); (MANUFACTURER),2024-12-14,2025-01-07,2024-12-14,2024.0,12.0,December 2024
1131094,Mandatory problem report,Déclaration d'incident obligatoire,2025-01-07,Canada,Canada,POTENTIAL FOR DEATH/INJURY,POTENTIEL DE MORT / DE BLESSURES,2024-12-14,30.0,2024-12-13,SPACE INFUSION SYSTEM - INFUSOMAT SPACE VOLUMETRIC INFUSION PUMP,80FRN,3,GENERAL HOSPITAL,HOSPITAL / HÔPITAL; B. BRAUN MELSUNGEN AG,(HOSPITAL); (MANUFACTURER),2024-12-13,2025-01-07,2024-12-14,2024.0,12.0,December 2024
1131168,Mandatory problem report,Déclaration d'incident obligatoire,2025-01-07,Canada,Canada,POTENTIAL FOR DEATH/INJURY,POTENTIEL DE MORT / DE BLESSURES,2024-12-13,30.0,2024-12-13,SPACE INFUSION SYSTEM - INFUSOMAT SPACE VOLUMETRIC INFUSION PUMP,80FRN,3,GENERAL HOSPITAL,HOSPITAL / HÔPITAL; B. BRAUN,(HOSPITAL); (MANUFACTURER),2024-12-13,2025-01-07,2024-12-13,2024.0,12.0,December 2024
1131171,Mandatory problem report,Déclaration d'incident obligatoire,2025-01-07,Canada,Canada,POTENTIAL FOR DEATH/INJURY,POTENTIEL DE MORT / DE BLESSURES,2024-12-14,30.0,2024-12-13,SPACE INFUSION SYSTEM - INFUSOMAT SPACE VOLUMETRIC INFUSION PUMP,80FRN,3,GENERAL HOSPITAL,HOSPITAL / HÔPITAL; B. BRAUN,(HOSPITAL); (MANUFACTURER),2024-12-13,2025-01-07,2024-12-14,2024.0,12.0,December 2024
1131085,Mandatory problem report,Déclaration d'incident obligatoire,2025-01-07,Canada,Canada,POTENTIAL FOR DEATH/INJURY,POTENTIEL DE MORT / DE BLESSURES,2024-12-12,30.0,2024-12-12,SPACE INFUSION SYSTEM - INFUSOMAT SPACE VOLUMETRIC INFUSION PUMP,80FRN,3,GENERAL HOSPITAL,HOSPITAL / HÔPITAL; B. BRAUN MELSUNGEN AG,(HOSPITAL); (MANUFACTURER),2024-12-12,2025-01-07,2024-12-12,2024.0,12.0,December 2024
1131888,Mandatory problem report,Déclaration d'incident obligatoire,2025-01-13,Canada,Canada,POTENTIAL FOR DEATH/INJURY,POTENTIEL DE MORT / DE BLESSURES,2024-12-21,30.0,2024-12-10,SPACE INFUSION SYSTEM - INFUSOMAT SPACE VOLUMETRIC INFUSION PUMP,80FRN,3,GENERAL HOSPITAL,HOSPITAL / HÔPITAL; B. BRAUN MEDICAL INC.; B. BRAUN US DEVICE MANUFACTURING LLC.,(HOSPITAL); (MANUFACTURER); (IMPORTER),2024-12-10,2025-01-13,2024-12-21,2024.0,12.0,December 2024
1131167,Mandatory problem report,Déclaration d'incident obligatoire,2025-01-07,Canada,Canada,POTENTIAL FOR DEATH/INJURY,POTENTIEL DE MORT / DE BLESSURES,2024-12-09,30.0,2024-12-09,SPACE INFUSION SYSTEM - INFUSOMAT SPACE VOLUMETRIC INFUSION PUMP,80FRN,3,GENERAL HOSPITAL,HOSPITAL / HÔPITAL; B. BRAUN,(HOSPITAL); (MANUFACTURER),2024-12-09,2025-01-07,2024-12-09,2024.0,12.0,December 2024
1131000,Mandatory problem report,Déclaration d'incident obligatoire,2025-01-07,Canada,Canada,POTENTIAL FOR DEATH/INJURY,POTENTIEL DE MORT / DE BLESSURES,2024-12-08,30.0,2024-12-08,SPACE INFUSION SYSTEM - INFUSOMAT SPACE VOLUMETRIC INFUSION PUMP,80FRN,3,GENERAL HOSPITAL,HOSPITAL / HÔPITAL; B. BRAUN MELSUNGEN AG,(HOSPITAL); (MANUFACTURER),2024-12-08,2025-01-07,2024-12-08,2024.0,12.0,December 2024
1130985,Mandatory problem report,Déclaration d'incident obligatoire,2025-01-07,Canada,Canada,POTENTIAL FOR DEATH/INJURY,POTENTIEL DE MORT / DE BLESSURES,2024-12-07,30.0,2024-12-07,SPACE INFUSION SYSTEM - INFUSOMAT SPACE VOLUMETRIC INFUSION PUMP,80FRN,3,GENERAL HOSPITAL,HOSPITAL / HÔPITAL; B. BRAUN MELSUNGEN AG,(HOSPITAL); (MANUFACTURER),2024-12-07,2025-01-07,2024-12-07,2024.0,12.0,December 2024
1131172,Mandatory problem report,Déclaration d'incident obligatoire,2025-01-07,Canada,Canada,POTENTIAL FOR DEATH/INJURY,POTENTIEL DE MORT / DE BLESSURES,2024-12-07,30.0,2024-12-06,SPACE INFUSION SYSTEM - INFUSOMAT SPACE VOLUMETRIC INFUSION PUMP,80FRN,3,GENERAL HOSPITAL,HOSPITAL / HÔPITAL; B. BRAUN,(HOSPITAL); (MANUFACTURER),2024-12-06,2025-01-07,2024-12-07,2024.0,12.0,December 2024
1131147,Mandatory problem report,Déclaration d'incident obligatoire,2025-01-07,Canada,Canada,POTENTIAL FOR DEATH/INJURY,POTENTIEL DE MORT / DE BLESSURES,2024-12-05,30.0,2024-12-05,SPACE INFUSION SYSTEM - INFUSOMAT SPACE VOLUMETRIC INFUSION PUMP,80FRN,3,GENERAL HOSPITAL,HOSPITAL / HÔPITAL; B. BRAUN MELSUNGEN AG,(HOSPITAL); (MANUFACTURER),2024-12-05,2025-01-07,2024-12-05,2024.0,12.0,December 2024
1131133,Mandatory problem report,Déclaration d'incident obligatoire,2025-01-07,Canada,Canada,POTENTIAL FOR DEATH/INJURY,POTENTIEL DE MORT / DE BLESSURES,2024-12-04,30.0,2024-12-04,SPACE INFUSION SYSTEM - INFUSOMAT SPACE VOLUMETRIC INFUSION PUMP,80FRN,3,GENERAL HOSPITAL,HOSPITAL / HÔPITAL; B. BRAUN MELSUNGEN AG; B. BRAUN US DEVICE MANUFACTURING LLC.,(HOSPITAL); (MANUFACTURER); (IMPORTER),2024-12-04,2025-01-07,2024-12-04,2024.0,12.0,December 2024
1131122,Mandatory problem report,Déclaration d'incident obligatoire,2025-01-07,Canada,Canada,POTENTIAL FOR DEATH/INJURY,POTENTIEL DE MORT / DE BLESSURES,2024-12-04,30.0,2024-12-04,SPACE INFUSION SYSTEM - INFUSOMAT SPACE VOLUMETRIC INFUSION PUMP,80FRN,3,GENERAL HOSPITAL,HOSPITAL / HÔPITAL; B. BRAUN MELSUNGEN AG; B. BRAUN US DEVICE MANUFACTURING LLC.,(HOSPITAL); (MANUFACTURER); (IMPORTER),2024-12-04,2025-01-07,2024-12-04,2024.0,12.0,December 2024
1130962,Mandatory problem report,Déclaration d'incident obligatoire,2025-01-07,Canada,Canada,POTENTIAL FOR DEATH/INJURY,POTENTIEL DE MORT / DE BLESSURES,2024-12-04,30.0,2024-12-04,SPACE INFUSION SYSTEM - INFUSOMAT SPACE VOLUMETRIC INFUSION PUMP,80FRN,3,GENERAL HOSPITAL,HOSPITAL / HÔPITAL; B. BRAUN MELSUNGEN AG,(HOSPITAL); (MANUFACTURER),2024-12-04,2025-01-07,2024-12-04,2024.0,12.0,December 2024
1131139,Mandatory problem report,Déclaration d'incident obligatoire,2025-01-07,Canada,Canada,POTENTIAL FOR DEATH/INJURY,POTENTIEL DE MORT / DE BLESSURES,2024-12-04,30.0,2024-12-04,SPACE INFUSION SYSTEM - INFUSOMAT SPACE VOLUMETRIC INFUSION PUMP,80FRN,3,GENERAL HOSPITAL,HOSPITAL / HÔPITAL; B. BRAUN MELSUNGEN AG,(HOSPITAL); (MANUFACTURER),2024-12-04,2025-01-07,2024-12-04,2024.0,12.0,December 2024
1131079,Mandatory problem report,Déclaration d'incident obligatoire,2025-01-07,Canada,Canada,POTENTIAL FOR DEATH/INJURY,POTENTIEL DE MORT / DE BLESSURES,2024-12-04,30.0,2024-12-03,SPACE INFUSION SYSTEM - INFUSOMAT SPACE VOLUMETRIC INFUSION PUMP,80FRN,3,GENERAL HOSPITAL,HOSPITAL / HÔPITAL; B. BRAUN MELSUNGEN AG; B. BRAUN US DEVICE MANUFACTURING LLC.,(HOSPITAL); (MANUFACTURER); (IMPORTER),2024-12-03,2025-01-07,2024-12-04,2024.0,12.0,December 2024
1131026,Mandatory problem report,Déclaration d'incident obligatoire,2025-01-07,Canada,Canada,POTENTIAL FOR DEATH/INJURY,POTENTIEL DE MORT / DE BLESSURES,2024-12-03,30.0,2024-12-03,SPACE INFUSION SYSTEM - INFUSOMAT SPACE VOLUMETRIC INFUSION PUMP,80FRN,3,GENERAL HOSPITAL,HOSPITAL / HÔPITAL; B. BRAUN MELSUNGEN AG; B. BRAUN US DEVICE MANUFACTURING LLC.,(HOSPITAL); (MANUFACTURER); (IMPORTER),2024-12-03,2025-01-07,2024-12-03,2024.0,12.0,December 2024
1131095,Mandatory problem report,Déclaration d'incident obligatoire,2025-01-07,Canada,Canada,POTENTIAL FOR DEATH/INJURY,POTENTIEL DE MORT / DE BLESSURES,2024-12-03,30.0,2024-12-03,SPACE INFUSION SYSTEM - INFUSOMAT SPACE VOLUMETRIC INFUSION PUMP,80FRN,3,GENERAL HOSPITAL,HOSPITAL / HÔPITAL; B. BRAUN MELSUNGEN AG; B. BRAUN US DEVICE MANUFACTURING LLC.,(HOSPITAL); (MANUFACTURER); (IMPORTER),2024-12-03,2025-01-07,2024-12-03,2024.0,12.0,December 2024
1130997,Mandatory problem report,Déclaration d'incident obligatoire,2025-01-07,Canada,Canada,POTENTIAL FOR DEATH/INJURY,POTENTIEL DE MORT / DE BLESSURES,2024-12-02,30.0,2024-12-02,SPACE INFUSION SYSTEM - INFUSOMAT SPACE VOLUMETRIC INFUSION PUMP,80FRN,3,GENERAL HOSPITAL,HOSPITAL / HÔPITAL; B. BRAUN MELSUNGEN AG; B. BRAUN US DEVICE MANUFACTURING LLC.,(HOSPITAL); (MANUFACTURER); (IMPORTER),2024-12-02,2025-01-07,2024-12-02,2024.0,12.0,December 2024
1131132,Mandatory problem report,Déclaration d'incident obligatoire,2025-01-07,Canada,Canada,POTENTIAL FOR DEATH/INJURY,POTENTIEL DE MORT / DE BLESSURES,2024-12-01,30.0,2024-12-01,SPACE INFUSION SYSTEM - INFUSOMAT SPACE VOLUMETRIC INFUSION PUMP,80FRN,3,GENERAL HOSPITAL,HOSPITAL / HÔPITAL; B. BRAUN MELSUNGEN AG,(HOSPITAL); (MANUFACTURER),2024-12-01,2025-01-07,2024-12-01,2024.0,12.0,December 2024
1129515,Mandatory problem report,Déclaration d'incident obligatoire,2024-12-19,Canada,Canada,POTENTIAL FOR DEATH/INJURY,POTENTIEL DE MORT / DE BLESSURES,2024-11-30,,2024-11-30,SPACE INFUSION SYSTEM - INFUSOMAT SPACE VOLUMETRIC INFUSION PUMP,80FRN,3,GENERAL HOSPITAL,HOSPITAL / HÔPITAL; B. BRAUN MELSUNGEN AG,(HOSPITAL); (MANUFACTURER),2024-11-30,2024-12-19,2024-11-30,2024.0,11.0,November 2024
1130061,Mandatory problem report,Déclaration d'incident obligatoire,2024-12-19,Canada,Canada,POTENTIAL FOR DEATH/INJURY,POTENTIEL DE MORT / DE BLESSURES,2024-11-28,30.0,2024-11-28,SPACE INFUSION SYSTEM - INFUSOMAT SPACE VOLUMETRIC INFUSION PUMP,80FRN,3,GENERAL HOSPITAL,HOSPITAL / HÔPITAL; B. BRAUN MELSUNGEN AG,(HOSPITAL); (MANUFACTURER),2024-11-28,2024-12-19,2024-11-28,2024.0,11.0,November 2024
1130057,Mandatory problem report,Déclaration d'incident obligatoire,2024-12-19,Canada,Canada,POTENTIAL FOR DEATH/INJURY,POTENTIEL DE MORT / DE BLESSURES,2024-11-26,30.0,2024-11-26,SPACE INFUSION SYSTEM - INFUSOMAT SPACE VOLUMETRIC INFUSION PUMP,80FRN,3,GENERAL HOSPITAL,HOSPITAL / HÔPITAL; B. BRAUN MELSUNGEN AG,(HOSPITAL); (MANUFACTURER),2024-11-26,2024-12-19,2024-11-26,2024.0,11.0,November 2024
1130510,Mandatory problem report,Déclaration d'incident obligatoire,2024-12-19,Canada,Canada,POTENTIAL FOR DEATH/INJURY,POTENTIEL DE MORT / DE BLESSURES,2024-11-25,30.0,2024-11-25,SPACE INFUSION SYSTEM - INFUSOMAT SPACE VOLUMETRIC INFUSION PUMP,80FRN,3,GENERAL HOSPITAL,HOSPITAL / HÔPITAL; B. BRAUN MELSUNGEN AG,(HOSPITAL); (MANUFACTURER),2024-11-25,2024-12-19,2024-11-25,2024.0,11.0,November 2024
1129331,Mandatory problem report,Déclaration d'incident obligatoire,2024-12-19,Canada,Canada,POTENTIAL FOR DEATH/INJURY,POTENTIEL DE MORT / DE BLESSURES,2024-11-27,30.0,2024-11-24,SPACE INFUSION SYSTEM - INFUSOMAT SPACE VOLUMETRIC INFUSION PUMP,80FRN,3,GENERAL HOSPITAL,HOSPITAL / HÔPITAL; B. BRAUN MELSUNGEN AG; B. BRAUN US DEVICE MANUFACTURING LLC.,(HOSPITAL); (MANUFACTURER); (IMPORTER),2024-11-24,2024-12-19,2024-11-27,2024.0,11.0,November 2024
1126256,Mandatory problem report,Déclaration d'incident obligatoire,2024-11-28,Canada,Canada,POTENTIAL FOR DEATH/INJURY,POTENTIEL DE MORT / DE BLESSURES,2024-11-22,30.0,2024-11-21,SPACE INFUSION SYSTEM - INFUSOMAT SPACE VOLUMETRIC INFUSION PUMP,80FRN,3,GENERAL HOSPITAL,HOSPITAL / HÔPITAL; B. BRAUN MELSUNGEN AG; B. BRAUN US DEVICE MANUFACTURING LLC.,(HOSPITAL); (MANUFACTURER); (IMPORTER),2024-11-21,2024-11-28,2024-11-22,2024.0,11.0,November 2024
1129334,Mandatory problem report,Déclaration d'incident obligatoire,2024-12-19,Canada,Canada,POTENTIAL FOR DEATH/INJURY,POTENTIEL DE MORT / DE BLESSURES,2024-11-21,30.0,2024-11-21,SPACE INFUSION SYSTEM - INFUSOMAT SPACE VOLUMETRIC INFUSION PUMP,80FRN,3,GENERAL HOSPITAL,HOSPITAL / HÔPITAL; B. BRAUN MELSUNGEN AG,(HOSPITAL); (MANUFACTURER),2024-11-21,2024-12-19,2024-11-21,2024.0,11.0,November 2024
1131055,Mandatory problem report,Déclaration d'incident obligatoire,2025-01-07,Canada,Canada,POTENTIAL FOR DEATH/INJURY,POTENTIEL DE MORT / DE BLESSURES,2024-12-04,30.0,2024-11-21,SPACE INFUSION SYSTEM - INFUSOMAT SPACE VOLUMETRIC INFUSION PUMP,80FRN,3,GENERAL HOSPITAL,HOSPITAL / HÔPITAL; B. BRAUN MELSUNGEN AG; B. BRAUN US DEVICE MANUFACTURING LLC.,(HOSPITAL); (MANUFACTURER); (IMPORTER),2024-11-21,2025-01-07,2024-12-04,2024.0,11.0,November 2024
1130618,Mandatory problem report,Déclaration d'incident obligatoire,2024-12-19,Canada,Canada,POTENTIAL FOR DEATH/INJURY,POTENTIEL DE MORT / DE BLESSURES,2024-11-20,30.0,2024-11-19,SPACE INFUSION SYSTEM - INFUSOMAT SPACE VOLUMETRIC INFUSION PUMP,80FRN,3,GENERAL HOSPITAL,HOSPITAL / HÔPITAL,(HOSPITAL),2024-11-19,2024-12-19,2024-11-20,2024.0,11.0,November 2024
1126440,Mandatory problem report,Déclaration d'incident obligatoire,2024-11-28,Canada,Canada,POTENTIAL FOR DEATH/INJURY,POTENTIEL DE MORT / DE BLESSURES,2024-11-18,30.0,2024-11-18,SPACE INFUSION SYSTEM - INFUSOMAT SPACE VOLUMETRIC INFUSION PUMP,80FRN,3,GENERAL HOSPITAL,HOSPITAL / HÔPITAL; B. BRAUN MELSUNGEN AG; B. BRAUN US DEVICE MANUFACTURING LLC.,(HOSPITAL); (MANUFACTURER); (IMPORTER),2024-11-18,2024-11-28,2024-11-18,2024.0,11.0,November 2024
1130044,Mandatory problem report,Déclaration d'incident obligatoire,2024-12-19,Canada,Canada,POTENTIAL FOR DEATH/INJURY,POTENTIEL DE MORT / DE BLESSURES,2024-11-20,30.0,2024-11-16,SPACE INFUSION SYSTEM - INFUSOMAT SPACE VOLUMETRIC INFUSION PUMP,80FRN,3,GENERAL HOSPITAL,HOSPITAL / HÔPITAL; B. BRAUN MELSUNGEN AG,(HOSPITAL); (MANUFACTURER),2024-11-16,2024-12-19,2024-11-20,2024.0,11.0,November 2024
1130085,Mandatory problem report,Déclaration d'incident obligatoire,2024-12-19,Canada,Canada,POTENTIAL FOR DEATH/INJURY,POTENTIEL DE MORT / DE BLESSURES,2024-11-18,30.0,2024-11-15,SPACE INFUSION SYSTEM - INFUSOMAT SPACE VOLUMETRIC INFUSION PUMP,80FRN,3,GENERAL HOSPITAL,HOSPITAL / HÔPITAL; B. BRAUN MELSUNGEN AG,(HOSPITAL); (MANUFACTURER),2024-11-15,2024-12-19,2024-11-18,2024.0,11.0,November 2024
1129868,Mandatory problem report,Déclaration d'incident obligatoire,2024-12-19,Canada,Canada,POTENTIAL FOR DEATH/INJURY,POTENTIEL DE MORT / DE BLESSURES,2024-11-13,30.0,2024-11-13,SPACE INFUSION SYSTEM - INFUSOMAT SPACE VOLUMETRIC INFUSION PUMP,80FRN,3,GENERAL HOSPITAL,HOSPITAL / HÔPITAL; B. BRAUN MELSUNGEN AG,(HOSPITAL); (MANUFACTURER),2024-11-13,2024-12-19,2024-11-13,2024.0,11.0,November 2024
1126378,Mandatory problem report,Déclaration d'incident obligatoire,2024-11-28,Canada,Canada,POTENTIAL FOR DEATH/INJURY,POTENTIEL DE MORT / DE BLESSURES,2024-11-13,30.0,2024-11-13,SPACE INFUSION SYSTEM - INFUSOMAT SPACE VOLUMETRIC INFUSION PUMP,80FRN,3,GENERAL HOSPITAL,HOSPITAL / HÔPITAL; B. BRAUN MELSUNGEN AG; B. BRAUN US DEVICE MANUFACTURING LLC.,(HOSPITAL); (MANUFACTURER); (IMPORTER),2024-11-13,2024-11-28,2024-11-13,2024.0,11.0,November 2024
1129961,Mandatory problem report,Déclaration d'incident obligatoire,2024-12-19,Canada,Canada,POTENTIAL FOR DEATH/INJURY,POTENTIEL DE MORT / DE BLESSURES,2024-11-14,,2024-11-11,SPACE INFUSION SYSTEM - INFUSOMAT SPACE VOLUMETRIC INFUSION PUMP,80FRN,3,GENERAL HOSPITAL,HOSPITAL / HÔPITAL; B. BRAUN MELSUNGEN AG,(HOSPITAL); (MANUFACTURER),2024-11-11,2024-12-19,2024-11-14,2024.0,11.0,November 2024
1129926,Mandatory problem report,Déclaration d'incident obligatoire,2024-12-19,Canada,Canada,POTENTIAL FOR DEATH/INJURY,POTENTIEL DE MORT / DE BLESSURES,2024-11-11,,2024-11-11,SPACE INFUSION SYSTEM - INFUSOMAT SPACE VOLUMETRIC INFUSION PUMP,80FRN,3,GENERAL HOSPITAL,HOSPITAL / HÔPITAL; B. BRAUN MELSUNGEN AG,(HOSPITAL); (MANUFACTURER),2024-11-11,2024-12-19,2024-11-11,2024.0,11.0,November 2024
1129968,Mandatory problem report,Déclaration d'incident obligatoire,2024-12-19,Canada,Canada,POTENTIAL FOR DEATH/INJURY,POTENTIEL DE MORT / DE BLESSURES,2024-11-09,,2024-11-09,SPACE INFUSION SYSTEM - INFUSOMAT SPACE VOLUMETRIC INFUSION PUMP,80FRN,3,GENERAL HOSPITAL,HOSPITAL / HÔPITAL; B. BRAUN MELSUNGEN AG,(HOSPITAL); (MANUFACTURER),2024-11-09,2024-12-19,2024-11-09,2024.0,11.0,November 2024
1129984,Mandatory problem report,Déclaration d'incident obligatoire,2024-12-19,Canada,Canada,POTENTIAL FOR DEATH/INJURY,POTENTIEL DE MORT / DE BLESSURES,2024-11-09,30.0,2024-11-09,SPACE INFUSION SYSTEM - INFUSOMAT SPACE VOLUMETRIC INFUSION PUMP,80FRN,3,GENERAL HOSPITAL,HOSPITAL / HÔPITAL; B. BRAUN MELSUNGEN AG,(HOSPITAL); (MANUFACTURER),2024-11-09,2024-12-19,2024-11-09,2024.0,11.0,November 2024
1130599,Mandatory problem report,Déclaration d'incident obligatoire,2024-12-19,Canada,Canada,POTENTIAL FOR DEATH/INJURY,POTENTIEL DE MORT / DE BLESSURES,2024-11-09,30.0,2024-11-09,SPACE INFUSION SYSTEM - INFUSOMAT SPACE VOLUMETRIC INFUSION PUMP,80FRN,3,GENERAL HOSPITAL,HOSPITAL / HÔPITAL; B. BRAUN MELSUNGEN AG,(HOSPITAL); (MANUFACTURER),2024-11-09,2024-12-19,2024-11-09,2024.0,11.0,November 2024
1129887,Mandatory problem report,Déclaration d'incident obligatoire,2024-12-19,Canada,Canada,POTENTIAL FOR DEATH/INJURY,POTENTIEL DE MORT / DE BLESSURES,2024-11-08,,2024-11-08,SPACE INFUSION SYSTEM - INFUSOMAT SPACE VOLUMETRIC INFUSION PUMP,80FRN,3,GENERAL HOSPITAL,HOSPITAL / HÔPITAL; B. BRAUN MELSUNGEN AG,(HOSPITAL); (MANUFACTURER),2024-11-08,2024-12-19,2024-11-08,2024.0,11.0,November 2024
1129858,Mandatory problem report,Déclaration d'incident obligatoire,2024-12-19,Canada,Canada,POTENTIAL FOR DEATH/INJURY,POTENTIEL DE MORT / DE BLESSURES,2024-11-08,,2024-11-08,SPACE INFUSION SYSTEM - INFUSOMAT SPACE VOLUMETRIC INFUSION PUMP,80FRN,3,GENERAL HOSPITAL,HOSPITAL / HÔPITAL; B. BRAUN MELSUNGEN AG,(HOSPITAL); (MANUFACTURER),2024-11-08,2024-12-19,2024-11-08,2024.0,11.0,November 2024
1129524,Mandatory problem report,Déclaration d'incident obligatoire,2024-12-19,Canada,Canada,POTENTIAL FOR DEATH/INJURY,POTENTIEL DE MORT / DE BLESSURES,2024-11-08,,2024-11-07,SPACE INFUSION SYSTEM - INFUSOMAT SPACE VOLUMETRIC INFUSION PUMP,80FRN,3,GENERAL HOSPITAL,HOSPITAL / HÔPITAL; B. BRAUN MELSUNGEN AG,(HOSPITAL); (MANUFACTURER),2024-11-07,2024-12-19,2024-11-08,2024.0,11.0,November 2024
1129323,Mandatory problem report,Déclaration d'incident obligatoire,2024-12-19,Canada,Canada,POTENTIAL FOR DEATH/INJURY,POTENTIEL DE MORT / DE BLESSURES,2024-11-08,30.0,2024-11-07,SPACE INFUSION SYSTEM - INFUSOMAT SPACE VOLUMETRIC INFUSION PUMP,80FRN,3,GENERAL HOSPITAL,HOSPITAL / HÔPITAL; B. BRAUN MELSUNGEN AG,(HOSPITAL); (MANUFACTURER),2024-11-07,2024-12-19,2024-11-08,2024.0,11.0,November 2024
1126233,Mandatory problem report,Déclaration d'incident obligatoire,2024-11-28,Canada,Canada,POTENTIAL FOR DEATH/INJURY,POTENTIEL DE MORT / DE BLESSURES,2024-11-07,30.0,2024-11-07,SPACE INFUSION SYSTEM - INFUSOMAT SPACE VOLUMETRIC INFUSION PUMP,80FRN,3,GENERAL HOSPITAL,HOSPITAL / HÔPITAL; B. BRAUN MELSUNGEN AG; B. BRAUN US DEVICE MANUFACTURING LLC.,(HOSPITAL); (MANUFACTURER); (IMPORTER),2024-11-07,2024-11-28,2024-11-07,2024.0,11.0,November 2024
1129874,Mandatory problem report,Déclaration d'incident obligatoire,2024-12-19,Canada,Canada,POTENTIAL FOR DEATH/INJURY,POTENTIEL DE MORT / DE BLESSURES,2024-11-07,,2024-11-07,SPACE INFUSION SYSTEM - INFUSOMAT SPACE VOLUMETRIC INFUSION PUMP,80FRN,3,GENERAL HOSPITAL,HOSPITAL / HÔPITAL; B. BRAUN MELSUNGEN AG,(HOSPITAL); (MANUFACTURER),2024-11-07,2024-12-19,2024-11-07,2024.0,11.0,November 2024
1129894,Mandatory problem report,Déclaration d'incident obligatoire,2024-12-19,Canada,Canada,POTENTIAL FOR DEATH/INJURY,POTENTIEL DE MORT / DE BLESSURES,2024-11-08,30.0,2024-11-07,SPACE INFUSION SYSTEM - INFUSOMAT SPACE VOLUMETRIC INFUSION PUMP,80FRN,3,GENERAL HOSPITAL,HOSPITAL / HÔPITAL; B. BRAUN MELSUNGEN AG,(HOSPITAL); (MANUFACTURER),2024-11-07,2024-12-19,2024-11-08,2024.0,11.0,November 2024
1129978,Mandatory problem report,Déclaration d'incident obligatoire,2024-12-19,Canada,Canada,POTENTIAL FOR DEATH/INJURY,POTENTIEL DE MORT / DE BLESSURES,2024-11-07,30.0,2024-11-07,SPACE INFUSION SYSTEM - INFUSOMAT SPACE VOLUMETRIC INFUSION PUMP,80FRN,3,GENERAL HOSPITAL,HOSPITAL / HÔPITAL; B. BRAUN MELSUNGEN AG,(HOSPITAL); (MANUFACTURER),2024-11-07,2024-12-19,2024-11-07,2024.0,11.0,November 2024
1130698,Mandatory problem report,Déclaration d'incident obligatoire,2024-12-19,Canada,Canada,POTENTIAL FOR DEATH/INJURY,POTENTIEL DE MORT / DE BLESSURES,2024-11-07,30.0,2024-11-07,SPACE INFUSION SYSTEM - INFUSOMAT SPACE VOLUMETRIC INFUSION PUMP,80FRN,3,GENERAL HOSPITAL,HOSPITAL / HÔPITAL; B. BRAUN MELSUNGEN AG,(HOSPITAL); (MANUFACTURER),2024-11-07,2024-12-19,2024-11-07,2024.0,11.0,November 2024
1129850,Mandatory problem report,Déclaration d'incident obligatoire,2024-12-19,Canada,Canada,POTENTIAL FOR DEATH/INJURY,POTENTIEL DE MORT / DE BLESSURES,2024-11-06,30.0,2024-11-06,SPACE INFUSION SYSTEM - INFUSOMAT SPACE VOLUMETRIC INFUSION PUMP,80FRN,3,GENERAL HOSPITAL,HOSPITAL / HÔPITAL; B. BRAUN MELSUNGEN AG,(HOSPITAL); (MANUFACTURER),2024-11-06,2024-12-19,2024-11-06,2024.0,11.0,November 2024
1129301,Mandatory problem report,Déclaration d'incident obligatoire,2024-12-19,Canada,Canada,POTENTIAL FOR DEATH/INJURY,POTENTIEL DE MORT / DE BLESSURES,2024-11-06,,2024-11-06,SPACE INFUSION SYSTEM - INFUSOMAT SPACE VOLUMETRIC INFUSION PUMP,80FRN,3,GENERAL HOSPITAL,HOSPITAL / HÔPITAL; B. BRAUN MELSUNGEN AG,(HOSPITAL); (MANUFACTURER),2024-11-06,2024-12-19,2024-11-06,2024.0,11.0,November 2024
1129294,Mandatory problem report,Déclaration d'incident obligatoire,2024-12-19,Canada,Canada,POTENTIAL FOR DEATH/INJURY,POTENTIEL DE MORT / DE BLESSURES,2024-11-06,30.0,2024-11-06,SPACE INFUSION SYSTEM - INFUSOMAT SPACE VOLUMETRIC INFUSION PUMP,80FRN,3,GENERAL HOSPITAL,HOSPITAL / HÔPITAL; B. BRAUN MELSUNGEN AG,(HOSPITAL); (MANUFACTURER),2024-11-06,2024-12-19,2024-11-06,2024.0,11.0,November 2024
1130615,Mandatory problem report,Déclaration d'incident obligatoire,2024-12-19,Canada,Canada,POTENTIAL FOR DEATH/INJURY,POTENTIEL DE MORT / DE BLESSURES,2024-11-05,30.0,2024-11-05,SPACE INFUSION SYSTEM - INFUSOMAT SPACE VOLUMETRIC INFUSION PUMP,80FRN,3,GENERAL HOSPITAL,HOSPITAL / HÔPITAL,(HOSPITAL),2024-11-05,2024-12-19,2024-11-05,2024.0,11.0,November 2024
1135566,Mandatory problem report,Déclaration d'incident obligatoire,2024-12-31,Canada,Canada,POTENTIAL FOR DEATH/INJURY,POTENTIEL DE MORT / DE BLESSURES,2024-10-30,30.0,2024-10-30,SPACE INFUSION SYSTEM - INFUSOMAT SPACE VOLUMETRIC INFUSION PUMP,80FRN,3,GENERAL HOSPITAL,HOSPITAL / HÔPITAL,(HOSPITAL),2024-10-30,2024-12-31,2024-10-30,2024.0,10.0,October 2024
1130700,Mandatory problem report,Déclaration d'incident obligatoire,2024-12-19,Canada,Canada,POTENTIAL FOR DEATH/INJURY,POTENTIEL DE MORT / DE BLESSURES,2023-12-31,30.0,2023-12-31,SPACE INFUSION SYSTEM - INFUSOMAT SPACE VOLUMETRIC INFUSION PUMP,80FRN,3,GENERAL HOSPITAL,HOSPITAL / HÔPITAL; BRAUN CORP.,(HOSPITAL); (MANUFACTURER),2023-12-31,2024-12-19,2023-12-31,2023.0,12.0,December 2023
1113831,Mandatory problem report,Déclaration d'incident obligatoire,2024-09-09,Canada,Canada,POTENTIAL FOR DEATH/INJURY,POTENTIEL DE MORT / DE BLESSURES,2020-07-01,30.0,,SPACE INFUSION SYSTEM - INFUSOMAT SPACE VOLUMETRIC INFUSION PUMP,80FRN,3,GENERAL HOSPITAL,HOSPITAL / HÔPITAL; B. BRAUN MELSUNGEN AG; B. BRAUN US DEVICE MANUFACTURING LLC.,(HOSPITAL); (MANUFACTURER); (IMPORTER),,2024-09-09,2020-07-01,,,
1131859,Mandatory problem report,Déclaration d'incident obligatoire,2025-01-13,Canada,Canada,POTENTIAL FOR DEATH/INJURY,POTENTIEL DE MORT / DE BLESSURES,2024-12-20,30.0,,SPACE INFUSION SYSTEM - INFUSOMAT SPACE VOLUMETRIC INFUSION PUMP,80FRN,3,GENERAL HOSPITAL,HOSPITAL / HÔPITAL; B. BRAUN,(HOSPITAL); (MANUFACTURER),,2025-01-13,2024-12-20,,,
